15kmaupiedduMontSaint-Hilaire,10KM
15kmaupiedduMontSaint-Hilaire,5KM
2014VancouverSunRun,10KM
2016CanadianTriathlonChampionshipsandOttawaCAMTRIAmericanCup,CANADIANSPRINTDISTANCECHAMPIONSHIPS
2016CanadianTriathlonChampionshipsandOttawaCAMTRIAmericanCup,STANDARDDISTANCECHAMPIONSHIPS
30kmsurlesrivesdeBoucherville,10KM
30kmsurlesrivesdeBoucherville,15KM
30kmsurlesrivesdeBoucherville,30KM
30kmsurlesrivesdeBoucherville,5KM
5i50Mont-Tremblant,5I50INDIVIDUEL
5i50Mont-Tremblant,SPRINTINDIVIDUEL
5kand15kFarmRun,15KM
8thAnnualRunWalk4PatrickFamilyFest,HALFMARATHON
9RunRun,10KM
9RunRun,HALFMARATHON
9thAnnualRun4Patrick,HALFMARATHON
ALungRun,COOPERATORS5KM
ALungRun,MINTOCHAPMANMILLS10KM
AMidSummerNightsRun,15KMRUN
AMidSummerNightsRun,30KM
AMidSummerNightsRun,30KMRACE
AchillesSt.Patrick'sDay5K,5KM
AchillesSt.Patrick'sDay5kmRun/Walk,5KMRUN
AcrossTheLakeSwim,2.1KMSWIM
AcrosstheLakeSwim,2.1KM
AppleTriathlon,OLYMPIC
ArmyRun-Coursedel'Armée,1/2MARATHON-DEMI-MARATHON
ArmyRun-Coursedel'Armée,5KM
ArmyRun-Coursedel'Armée,HALFMARATHON-DEMIMARATHON
ArmyRun-Coursedel'armee,5KRUN-COURSEDE5K
ArmyRun-Coursedel'armee,HALFMARATHON-DEMIMARATHON
ArmyRun/CoursedelArmee,5K
ArmyRun/CoursedelArmee,HALFMARATHON
AroundtheBay30KRoadRace,30KM
AroundtheBay30KRoadRace,30KMOMACHAMPIONSHIPS
AroundtheBayRoadRaces,30KM
AurythmedenosfouléesChâteauguay,10KM
AurythmedenosfouléesChâteauguay,5KM
AurythmedenosfouléesChâteauguay,DEMI-MARATHON
Avotrerythme,10KM
Avotrerythme,5KM
Avotrerythme,DEMI-MARATHON
B&OYORKVILLERUN,CANADIAN5KMROADRACECHAMPIONSHIP
B&OYorkvillerun,5KM
BARRHAVENRUNFORROGER'SHOUSE,10KM
BARRIEWATERFRONTHALFMARATHON,HALFMARATHON
BMOOkanaganMarathon,HALFMARATHON
BMOOkanaganMarathon,MARATHON
BMOVancouverMarathon,HALF-MARATHON
BMOVancouverMarathon,HALFMARATHON
BMOVancouverMarathon,MARATHON
BRACEBRIDGETriathlon,SPRINTTRIATHLON
BanqueScotia21KdeMontreal,5KM
BanqueScotia21KdeMontreal,DEMIMARATHON
BanqueScotia21kmet5km,"21,1KM"
BanqueScotia21kmet5km,21KM
BanqueScotia21kmet5km,21KMMEDIACHALLENGE
BanqueScotia21kmet5km,5KM
BanqueScotia21kmet5km,5KMMEDIACHALLENGE
BarrhavenRunforRoger'sHouse,10K
BarrhavenRunforRoger'sHouse,10KM
BarrieHalfMarathon,HALFMARATHON
BeatBeethoven8KmRun,8KM
BeauceRUN,10K
BeauceRUN,21.1K
BeauceRUN,5KM-COURSE
BeauceRUN,MARATHONBEAUCERON
BeauceRun,5KMCOURSE
BeauceRun,DEMIMARATHON
BonjourPrintemps,10KM
BonjourPrintemps,21KM
BonjourPrintemps,5KM
BonjourPrintemps,DEMI-MARATHON
BonjourPrintemps,DEMIMARATHON
BreadandHoneyRaces,15KM
BreadandHoneyRaces,5KM
BreadandHoneyRoadRace,15KM
Bushtukah-CanadaDayRoadRaces,5KM
BushtukahBringontheBay3KOpenWaterSwim,3K
BushtukahBringontheBay3KOpenWaterSwim,3KM
BushtukahBringontheBay3KOpenWaterSwimforEasterSeals,3KM
CGCOttawaGameofLife5K&10KRun/Walk,10KM
CGCOttawaGameofLife5K&10KRun/Walk,5KM
COURIRANOTRESANTÉFONDATIONSAINT-JEROME,10KM
COURIRANOTRESANTÉFONDATIONSAINT-JEROME,5KMCOURSEETMARCHE
COURIRANOTRESANTÉFONDATIONSAINT-JEROME,DEMIMARATHON
COURSED’ÉTÉDESÎLESDEBOUCHERVILLE,10KMCOURSE
COURSED’ÉTÉDESÎLESDEBOUCHERVILLE,5KMCOURSE
COURSED’ÉTÉDESÎLESDEBOUCHERVILLE,DEMIMARATHON
COURSEPRINTANIEREPARCNATIONALD'OKA,10KMCOURSE
COURSEPRINTANIEREPARCNATIONALD'OKA,21KM
CanadaDay5K,CANADADAY5K
CanadianIron113TriathlonDuathlonandRelays,IRON113TRIATHLON
CanadianIron113TriathlonDuathlonandRelays,OLYMPICTRIATHLON
CanadianIron113TriathlonDuathlonandRelays,SPRINTTRIATHLON
CanadianIron113TriathlonDuathlonandRelays,SUPERSPRINTTRIATHLON
CanadianIron226TriathlonDuathlonandRelays,IRON226DUATHLON
CanadianIron226TriathlonDuathlonandRelays,IRON226SWIMCYCLE
CanadianIron226TriathlonDuathlonandRelays,IRON226TRIATHLON
CanadianIron226TriathlonDuathlonandRelays,OLYMPICTRIATHLON
CanadianIron226TriathlonDuathlonandRelays,SUPERSPRINTTRIATHLON
CanadianIron226TriathlonDuathlonandRelays,THECANADIANIRON113TRIATHLON
CanadianIron226TriathlonDuathlonandRelays,THECANADIANIRON226TRIATHLON
CanadianIron226TriathlonDuathlonandRelays,THECANADIANOLYMPICTRIATHLON
CanadianIron226TriathlonDuathlonandRelays,THECANADIANSPRINTTRIATHLON
CanmoreRockyMountainHalfMarathon,10KM
CanmoreRockyMountainHalfMarathon,HALFMARATHON
CaymanIslandsMarathon,MARATHON
ChallengeAtlanticCity,CHALLENGE
ChallengeIRCM,10KM
ChallengeIRCM,5KMCOURSE
ChallengeO2Merrell,CHALLENGEO2
ChallengeO2Merrell,DUATHLONOLYMPIQUE
ChallengeO2Merrell,TRIATHLONOLYMPIQUE
ChallengeO2Merrell,TRIATHLONSPRINT
ChillyHalfMarathon&Frosty5km,HALFMARATHON
ChillyHalfMarathon&Frosty5km,HALFMARATHONRUN
ClassiqueDuParcLaFontaine,10KM
ClassiqueDuParcLaFontaine,1KM
ClassiqueDuParcLaFontaine,2KM
ClassiqueDuParcLaFontaine,5KM
ClassiqueEmilie-Mondor,10KM
ClassiqueEmilie-Mondor,5KM
ClassiqueEmilie-Mondor,EXTREME8
ClassiqueduParcLaFontaine,10KM
ClassiqueduParcLaFontaine,1KM
ClassiqueduParcLaFontaine,5KM
ColonelByClassic,8KM
CornwallTRIATHLON,OLYMPICTRIATHLON
CornwallTRIATHLON,SPRINTDUATHLON
CornwallTRIATHLON,SPRINTTRIATHLON
CornwallTriathlon,OLYMPICTRIATHLON
CornwallTriathlon,SPRINTTRIATHLON
CoupeDix30,10KM
CoupeDix30,15KM
CoupeDix30,21KM
CoupeDix30,30KM
CoupeDix30,5KM
CoupeDix30-Étape6,10KM
CoupeDix30-Étape6,5KM
CoupeDix302012,10KM
CoupeDix302012,5KM
Coursaprèsmoi,10KM
Course10kmApocalypse/CoursedesCitrouilles,10KMCOURSE
Course10kmApocalypse/CoursedesCitrouilles,1KMCOURSE
Course10kmApocalypse/CoursedesCitrouilles,5KMCOURSE
CourseFondationHotelDieudeSorel,10.5KM-COURSE
CourseFondationHotelDieudeSorel,21KM
CourseFondationHotelDieudeSorel,5KM-COURSE
CourseFondationJeunessedel'EcoleSecondaired'Oka,5KM
CourseMECLongueuil#1,10KM
CourseMECLongueuil#1,5KM
CourseMECLongueuil#2,10KM
CourseMECLongueuil#2,15KM
CourseMECLongueuil#2,5KM
CourseMECLongueuil#3,10KM
CourseMECLongueuil#3,21.1KM
CourseMECLongueuil#3,5KM
CourseMECLongueuil#4,10KM
CourseMECLongueuil#4,21.1KM
CourseMECLongueuil#4,5KM
CourseMECLongueuil#5,15KM
CourseMECLongueuil#5,5KM
CourseMECLongueuil#7,10KM
CourseMECMontréal#1,10KM
CourseMECMontréal#2,10KM
CourseMECMontréal#2,15KM
CourseMECMontréal#2,5KM
CourseMECMontréal#3,10KM
CourseMECMontréal#3,15KM
CourseMECMontréal#3,20KM
CourseMECMontréal#3,21.1KM
CourseMECMontréal#3,5KM
CourseMECMontréal#4,10KM
CourseMECMontréal#4,1KM
CourseMECMontréal#4,5KM
CourseMECMontréal#6,10KM
CourseMECMontréal#6,20KM
CourseMECMontréal#6,5KM
CourseMECMontréal#7-LACOURSE-LUMIÈRE,10KM
CourseMECMontréal#7-LACOURSE-LUMIÈRE,15KM
CourseMECMontréal#7-LACOURSE-LUMIÈRE,5KM
CourseMECQuebec#2,10KM
CourseMECQuebec#3,10KM
CourseMECQuebec#3,5KM
CourseMECQuebec#3,DEMI-MARATHON21.1KM
CourseMECQuebec#4,21KM
CourseMECQuebec#5,10KM
CourseMECQuébec#1-LEDÉFIDESCOCOS,10KM
CourseMECQuébec#1-LEDÉFIDESCOCOS,15KM
CourseMECQuébec#1-LEDÉFIDESCOCOS,5KM
CourseMECQuébec#2-Coursesursentier,6KM
CourseMECQuébec#3-Demi-marathondeSt-Raymond,10KM
CourseMECQuébec#4-CoursedescouleursMEC,21.1KM
CoursePlessisvilleensoiree,10KM
CoursePlessisvilleensoiree,5KM
CoursePrintaniereOka,10KM
CoursePrintaniereOka,10KMCOURSE
CoursePrintaniereOka,"21,1KM"
CoursePrintaniereOka,"21,1KMCOURSE"
CoursePrintaniereOka,5KM
CoursePrintaniereOka,DEMIMARATHON
CourseSaint-Laurent,10KM
CourseSaint-Laurent,2KM
CourseSaint-Laurent,5KM
CourseSte-Agathe,10KM
CourseSte-Agathe,20KM
CourseSte-Agathe,5KM
CourseSte-Sophie,10KM
CourseSte-Sophie,5KM
Coursed'Oka,10KMCOURSE
Coursed'Oka,5KMCOURSE
Coursed'Oka,DEMIMARATHON
Coursed'OkaRace,10KM
Coursed'OkaRace,21.1KM
Coursed'OkaRace,5KM
Coursed'etedesilesdeBoucherville,10KM(COURSE)
Coursed'etedesilesdeBoucherville,10KMCOURSE
Coursed'etedesilesdeBoucherville,21.1KMCOURSE
Coursed'etedesilesdeBoucherville,21KM(COURSE)
Coursed'etedesilesdeBoucherville,5KM(COURSE)
Coursed'etedesilesdeBoucherville,5KMCOURSE
Coursed'unsoird'etedeLongueuil,10KM
Coursed'unsoird'etedeLongueuil,5KM
Coursed'unsoird'etedeLongueuil,5KM-CANICOURSE
CoursedelaBatailledesPlaines,10KM
CoursedelaCite-Limoilou,10KM
CoursedelaCité-Limoilou,10KM
CoursedelaFondationhopitalSaintJerome,10KM
CoursedelaFondationhopitalSaintJerome,"21,1KM"
CoursedelaFondationhopitalSaintJerome,5KM
CoursedelaFondationhopitalSaintJerome,5KMCOURSE
CoursedelaFondationhopitalSaintJerome,DEMI-MARATHON
CoursedesVoisinsdeDaveluyville,DEMI-MARATHON
Coursedesiles,10KM
Coursedesiles,21KM
Coursedesiles,5KM
Coursedesiles,5KMMARCHE
CourseduCegepTrois-Rivieres,10KM
CourseduCegepTrois-Rivieres,5KM
CourseduCegepTrois-Rivieres,5KMCOURSE
CourseduFestivalChampetredeSaint-Thecle,10KM
CourseduFestivallaGibelotte,10KM
CourseduFestivallaGibelotte,5KMCOURSEETMARCHE
CourseduFortdeChambly,10KM
CourseduFortdeChambly,5KM
CourseduPortageur,10KM
CourseduPortageur,1KM
CourseduPortageur,5KM
CourseduPèreNoëlCasselmanSantaRun,10KM
CourseduprintempsduCégepdeTrois-Rivières,10KM
CourseetmarchepopulairesdeLaSalle,10KM
CourseetmarchepopulairesdeLaSalle,2KM
CourseetmarchepopulairesdeLaSalle,5KM
CoursepopulaireduparcAngrignon,10KM
CoursepopulaireduparcAngrignon,1KM
CoursepopulaireduparcAngrignon,5KM-COURSE
CoursepourvaincrelaScleroseenPlaquesMont-Tremblant,10K
CoursepourvaincrelaScleroseenPlaquesMont-Tremblant,10KM
CoursesThematiques30kmsurlesrivesdeBoucherville,10KM
CoursesThematiques30kmsurlesrivesdeBoucherville,15KM
CoursesThematiques30kmsurlesrivesdeBoucherville,30KM
CoursesThematiques30kmsurlesrivesdeBoucherville,5KM
CoursesThematiquesLetourdel'horloge,5KM
CoursesThematiquesLetourdel'horloge,8KM
CoursesThematiquesMarathonSSQdeLongueuil,10KM
CoursesThematiquesMarathonSSQdeLongueuil,5KM
CoursesThematiquesMarathonSSQdeLongueuil,DEMIMARATHON
CoursesThematiquesMarathonSSQdeLongueuil,MARATHON
CoursesThematiquesTourduLacBromeMerrell,10KM
CoursesThematiquesTourduLacBromeMerrell,20KM
CoursesThematiquesTourduLacBromeMerrell,22.2KM
CoursesThematiquesTourduLacBromeMerrell,5KM
CoursesThematiquesTourduLacBromeMerrell,9KM-TRAIL
CoursesThematiquesTourduLacBromeMerrell,CHALLENGEMARATHON
CoursesThematiquesTourduLacBromeMerrell,DÉFI9KMTRAIL+20KM
Courstonparcours,10KM
CreditUnionsQueenCityMarathon,MARATHON
Cross-CountrySaint-LaurentSelect,2KM
Cross-CountrySaint-LaurentSelect,5KM
Cross-CountrySaint-LaurentSelect,6KM
CruisetoRun,5KM
CruisetoRun,BARBADOS5KM
CruisetoRunBarbados5k,5KM
Cyclo-Orford,100KM
Cyclo-Orford,50KM
Cyclo-orford,100KM
Cyclo-orford,50KM
CycloLa*Montrealaise,155KM
CycloLa*Montrealaise,90KM
CycloLaMontrealaise,88KM
CycloLaQuebecoise,150KM
CycloLaQuebecoise,93KM
DEMI-MARATHONDESMICROBRASSERIES,10KM
DEMI-MARATHONDESMICROBRASSERIES,21KM
DEMI-MARATHONDESMICROBRASSERIES,30KM
DEMI-MARATHONDESVERGERS,10KM
DEMI-MARATHONDESVERGERS,15KM
DEMI-MARATHONDESVERGERS,DEMIMARATHON
DayBeforeMother'sDayDuathlon&Relays,SHORTDUATHLON
DeepRiverTriathlon,TRIATHLON
DefiBarefootMerrell,10KM
DefiDeux-Montagnes,10KM
DefiDeux-Montagnes,5K
DefiGerardCotedeSt-Hyacinthe,10KM
DefiGerardCotedeSt-Hyacinthe,15KM
DefiGerardCotedeSt-Hyacinthe,5KM
DefiGerardCotedeSt-Hyacinthe,5KMCOURSE/MARCHE
DefiHivernalBizz-Or,5KM
DefiHivernalBizz-Or,TRIATHLOND'HIVER
DefiHivernalBizz-Or,TRIATHLOND'HIVERSPRINT
DefiJebouge,10KM
DefiJebouge,21KM
DefiMemphre,10KM
DefiMemphre,5KM
DefiNordique,25KMCLASSIQUE
DefiNordique,40KMCLASSIQUE
DefiNordique,50KMCLASSIQUE
DefiNordique,50KMSTYLELIBRE
DefiNordique,5KMRAQUETTE
DefiNordique,DEFI50KMCOMBINEE
DefiNordique,TRIATHLONNORDIQUECOMPETITIFINDIVIDUEL
DefiNordique,TRIATHLONNORDIQUEINDIVIDUEL
DefiPhysioExtradeTerrebonne,10KM
DefiPhysioExtradeTerrebonne,21KM
DefiPhysioExtradeTerrebonne,5KM
DefiPhysioExtradeTerrebonne,DEFIDESENTREPRISES
DefiTourduLacBeauport,DÉFI12KMLECOUREURNORDIQUE
DefiTourdulacBeauport,DÉFI12KMLECOUREURNORDIQUE
DefiTourdulacBeauport,DÉFI18KMLECOUREURNORDIQUE
DefiTourdulacBeauport,DÉFI6KMLECOUREURNORDIQUE
DefiTriathlonOptimistedeLachine,TRIATHLON16+
DefiTriathlonOptimistedeLachine,TRIATHLONGROUPED'AGE
DefiVeloMag,105KM
DefiVeloMag,10KM
DefiVeloMag,21KM
DefiVeloMag,40KMVELODEMONTAGNE
DefiVeloMag,60KM
DefiVeloMag,CYCLOSPORTIVE105KM
DefiVeloMag,CYCLOSPORTIVE60KM
DefiVeloMag,DEFIASICS10KMCOURSE
DefiVeloMag,DEFIASICS21.1KMCOURSE
DefiVeloMag,DEFIASICS5KMCOURSE
DefiVeloMag,TRIATHLON105-40-10
DefiVeloMag,TRIATHLON60-40-5
DefiVincentRoy,10KM
DeficoursesduFestivaldeChassedelaHaute-Saint-Maurice,10KMROUTE
DefidesCouleurs-Simard,21.1KMCARONETGUAY
DefidesCouleurs-Simard,5KMFAMILIPRIX
DefidesDamesdeCoeur,10KM
DefidesDamesdeCoeurDesjardins,10KMOASIS
DefidesEscaliers,13KM
DefidesEscaliers,19KM
DefidesEscaliers,GRIMPEURS
DefidesEscaliers,SPRINTEURS
Defidescouleurs,10KMSIMARD
Defidesescaliers,13KM
Defidesescaliers,19KM
Defidesescaliers,GRIMPEUR
Defidesescaliers,LEDEFIOASIS
Defidesescaliers,LESUPERDEFI
Defidesescaliers,SPRINTEUR
Defidessemellesd'ActonVale,10KMCHAUSSURESMILLE-PATTES
DefiduParc,10KM
DefiduParc,DEMIMARATHON21.1KM
DefiduTourduLacBeauport,12KM
DefiduTourduLacBeauport,18KM
DefiduTourduLacBeauport,6KM
DefiduTourduLacBeauport,6KM-COURSEPOUSSETTE
Defipopulairecourse/duathlon/triathlonlaValleeduRichelieu,5K
Defipopulairecourse/duathlon/triathlonlaValleeduRichelieu,TRIATHLONINITIATION
Defipopulairecourse/duathlon/triathlonlaValleeduRichelieu,TRIATHLONSPRINT
Demi-MarathonBonnevilledeLachine,10KM
Demi-MarathonBonnevilledeLachine,21.1KM
Demi-MarathonBonnevilledeLachine,5KM
Demi-MarathonGranby,10KMCOURSE
Demi-MarathonGranby,5KM
Demi-MarathonGranby,DEMIMARATHON
Demi-MarathonGénérations,DEMIMARATHON
Demi-MarathonMarcelJobin,21KM
Demi-MarathonMarcelJobin,5KM
Demi-MarathondeSherbrooke,10KM
Demi-MarathondeSherbrooke,5KM
Demi-MarathondeSherbrooke,DEMIMARATHON
Demi-MarathondelaBandeduCanal,10KM
Demi-MarathondelaBandeduCanal,5KM
Demi-MarathondelaBandeduCanal,DEMI-MARATHON
Demi-MarathondelaCote-de-Beaupre,21.1KM
Demi-MarathondelaCote-de-Beaupre,5KM
Demi-MarathondelaCôte-de-Beaupré,DEMI-MARATHON
Demi-MarathondesGuépards,21.1KM
Demi-MarathondesGuépards,5KM
Demi-MarathondesGénérations,DEMIMARATHON
Demi-MarathondesVignobles,10KM
Demi-MarathondesVignobles,10KMDUVIGNOBLELESPETITSCAILLOUX
Demi-MarathondesVignobles,15KM
Demi-MarathondesVignobles,1KM
Demi-MarathondesVignobles,21KM
Demi-MarathondesVignobles,30KM
Demi-MarathondesVignobles,5KM
Demi-MarathondesÉrables,10KM
Demi-MarathondesÉrables,15KM
Demi-MarathondesÉrables,30KM
Demi-MarathondesÉrables,5KM
Demi-MarathondesÉrables,DEMI-MARATHON
Demi-MarathonduBaluchon,10KM
Demi-MarathonduBaluchon,5KM
Demi-MarathonduBaluchon,DEMIMARATHON
Demi-MarathonduMont-Tremblant,10KM
Demi-MarathonduMont-Tremblant,21KM
Demi-MarathonduMont-Tremblant,DEMI-MARATHON
Demi-MarathonduboisdeBelle-Rivière,10KM
Demi-MarathonduboisdeBelle-Rivière,15KM
Demi-MarathonduboisdeBelle-Rivière,21KM
Demi-MarathonduboisdeBelle-Rivière,5KM
Demi-marathonBonnevilledeLachine,10KM
Demi-marathonBonnevilledeLachine,1KM
Demi-marathonBonnevilledeLachine,5KM
Demi-marathonBonnevilledeLachine,DEMI-MARATHON
Demi-marathonGranby,10KMCOURSE
Demi-marathonGranby,21KMCOURSE
Demi-marathonGranby,5KM
Demi-marathonGranby,5KMCOURSE
Demi-marathonGranby,DEMIMARATHONCOURSE
Demi-marathondeGranby,10KM-COURSE
Demi-marathondeGranby,21KM-COURSE
Demi-marathondeGranby,5KM
Demi-marathondeMont-Tremblant,10KM
Demi-marathondeMont-Tremblant,DEMI-MARATHON
Demi-marathondescouleursPromutuel,10KM
Demi-marathondescouleursPromutuel,21.1KM
Demi-marathondescouleursPromutuel,5KM
Demi-marathondescouleursPromutuel,DEMI-MARATHON
Demi-marathondescouleursPromutuel,MARATHON
Demi-marathondesglaces,10KM
Demi-marathondesglaces,5KM
Demi-marathondesglaces,DEMI-MARATHON
Demi-marathondespompiersdeShawinigan,10KM
Demi-marathondespompiersdeShawinigan,5KM
Demi-marathondespompiersdeShawinigan,DEMI-MARATHON
Demi-marathoninternationalOasisdeLévis,10KMOASIS
Demi-marathoninternationalOasisdeLévis,DEMI-MARATHON
DemiMarathonGenerations,10KM
DemiMarathonGenerations,10KM-COURSE
DemiMarathonGenerations,10KMCOURSE
DemiMarathonGenerations,5KM
DemiMarathonGenerations,DEMIMARATHON
DemiMarathonHypothermique,10.5KM
DemiMarathonHypothermique,DEMI-MARATHON
DemiMarathonHypothermique,DEMIMARATHON
DemiMarathonHypothermique,DEMIMARATHONMARCHE
DemiMarathonInternationalOasisdeLevis,10KM
DemiMarathonInternationalOasisdeLevis,10KMOASIS
DemiMarathonInternationalOasisdeLevis,5KM
DemiMarathonInternationalOasisdeLevis,DEMI-MARATHON
DemiMarathonInternationalOasisdeLevis,DEMIMARATHON
DemiMarathonInternationaldeQuebec,10KM
DemiMarathonInternationaldeQuebec,DEMIMARATHON
DemiMarathonMont-Tremblant,21KM
DemiMarathondeSherbrooke,10KM
DemiMarathondeSherbrooke,5KM
DemiMarathondeSherbrooke,DEMI-MARATHON
DemiMarathondeSherbrooke,DEMIMARATHON
DemimarathondeLongueuil,10KM
DemimarathondeLongueuil,21KM
DemimarathondeLongueuil,5KM
DemimarathondescouleursdeBecancour,10KM
DemimarathondescouleursdeBecancour,21.1KM
DemimarathondescouleursdeBecancour,5KM
DemimarathondescouleursdeBecancour,DEMIMARATHON
DemimarathondespompiersdeShawinigan,10KM
DemimarathondespompiersdeShawinigan,21KM
DemimarathondespompiersdeShawinigan,5KM
DemimarathondespompiersdeShawinigan,DEMI-MARATHON
DesChenesToi,10KM
DesChenesToi,10KM-BOURRET
DesChenesToi,10KM-PHYSIOSANTE
DesChenesToi,1KM
DesChenesToi,1KM-MAXI
DesChenesToi,2KM-ENERGIECARDIO
DesChenesToi,5KM
DesChenesToi,5KM-BUROPRO
DesChenesToi,5KM-PHYSIOSANTE
DesChenesToi,DEMI-MARATHONPODIATREELIZABETH
DescenteRoyale,10KM
DescenteRoyale,10KMOASIS
DescenteRoyale,5KM
Deschenes-toi,10KMPHYSIOSANTE
Deschenes-toi,1KMMAXICIE
Deschenes-toi,2KMGROUPEINVESTOR
Deschenes-toi,5KMPNEUPATRY
Deschenes-toi,COMBO10KMET5KM
Deschenes-toi,DEMIMARATHONPODIATREELIZABETH
DiefenbookerClassic,10KM
DowntownDash,10KM
Dr.KimArmtrongTurkeyTrot,5KM
DuathlonSaint-Sauveur,DUATHLON
DuathlonSorel-Tracy,COMPETITIF
DuathlonSorel-Tracy,DUATHLON-COMPETITIF
DuathlonSorel-Tracy,DUATHLONCOMPETITION
DuathlonSorel-Tracy,DUATHLONCOMPÉTITION
DuathlonSorel-Tracy,INTERMEDIAIRE
DuathlonSt-Sauveur,DUATHLON
DÉFIENTREPRISESOTTAWAGATINEAU,5KM
DÉFIGÉRARD-CÔTÉ,10KM
DÉFIGÉRARD-CÔTÉ,15KM
DÉFIGÉRARD-CÔTÉ,5KMCOURSE/MARCHE
DÉFIPHYSIOEXTRADETERREBONNE,5KM
DÉFIPHYSIOEXTRADETERREBONNE,5KM-DÉFIDESENTREPRISES
DÉFIPHYSIOEXTRADETERREBONNE,DEMI-MARATHON
DÉFIPIERREBRISE-BOIS,10KM
DÉFIPIERREBRISE-BOIS,21.1KM
DÉFIPIERREBRISE-BOIS,30KM
DÉFIPOPULAIREDELAVALLÉEDURICHELIEU,DUATHLONSPRINT
DÉFIPOPULAIREDELAVALLÉEDURICHELIEU,TRIATHLOND3COUVERTE
DÉFIPOPULAIREDELAVALLÉEDURICHELIEU,TRIATHLONSPRINT
DÉFISANTÉDEMORTAGNE,15KM
DÉFISANTÉDEMORTAGNE,5KM
DéfiADN,10KM
DéfiBoréalSainte-Anne-de-Bellevue,10KM
DéfiBoréalSainte-Anne-de-Bellevue,20KM
DéfiBoréalSainte-Anne-de-Bellevue,2KM
DéfiBoréalSainte-Anne-de-Bellevue,5KM
DéfiHivernalIleBizard,1.65KM
DéfiHivernalIleBizard,10KM
DéfiHivernalIleBizard,2KM
DéfiHivernalIleBizard,5KM
DéfiMemphré,10KM
DéfiSantéPlessisville,10KM
DéfiSantéPlessisville,5KM
DéfiTri-O-Lacs,10KM
DéfiTri-O-Lacs,2KM
DéfiTri-O-Lacs,5KM
DéficourseetmarcheDesjardinsSainteThérèse,10KM
DéficourseetmarcheDesjardinsSainteThérèse,2KM
DéficourseetmarcheDesjardinsSainteThérèse,5KM
DéficourseetmarcheDesjardinsSainteThérèse,5KMMARCHE
Défidesescaliers,DÉFIOASIS
Défidesescaliers,MEILLEURGRIMPEUR
Défidesescaliers,SUPERDÉFI
Défielesentier,5KM(VENDREDI)
Défielesentier,8KM
Défitriathlonoptimistedelachine,TRIATHLOND3COUVERTE
EdgetoEdgeMarathon,MARATHON
EdmontonMarathon,HALFMARATHON
EdmontonMarathon,MARATHON
FallColoursDuathlon,LONGDUATHLON
FallColoursDuathlon,SPRINTDUATHLON
FatAssTrailRun,17.5KM
FatAssTrailRun,25KM
Festi-beachduLacalaTortue,10KM
Festi-beachduLacalaTortue,21KM
Festi-beachduLacalaTortue,5KM
FestivalQuebecensante10kmdubonheur,10KM
FestivalQuebecensante10kmdubonheur,5KM
FestivalXTERRAQuébec,SWIMRUNSTANDARD
FestivalXTERRAQuébec,XTERRACOURT
Footstock,6/40/6DUATHLON
FootstockRaceWeekend,DUATHLON
FortdanslaCourse,DEMIMARATHON
Fortdanslacourse,10KM
Fortdanslacourse,21KM
Fortdanslacourse,5KM
FriendlyMasseyMarathon,FRIENDLYMASSEYMARATHON
FrostandFireTriand10K,10KMRUNWALK
GCWCCWellnessChallenge-DefiMieux-EtreCCMTGC,5KMRUNANDWALK
GRANFONDOGARNEAUQUÉBECOR,GRANFONDO-100KM
GUELPHLAKEIISubaruTriathlon,SPRINTTRIATHLON
GatineauLoppet,15KMCLASSIQUE
GatineauLoppet,20KMCLASSIQUE
GatineauLoppet,22.5KMSTYLELIBRE
GatineauLoppet,27KMCLASSIQUE
GatineauLoppet,27KMPATIN/SKATE
GatineauLoppet,27KMSTYLELIBRE/FREESTYLE
GatineauLoppet,42KMSTYLELIBRE
GatineauLoppet,51KMCLASSIQUE
GatineauLoppet,51KMPATIN/SKATE
GatineauLoppet,51KMSTYLELIBRE
GatineauLoppet,51KMSTYLELIBRE/FREESTYLE
GatineauLoppet,55KMCLASSIQUE
GatineauLoppet-Keskinada,10KMPATIN/SKATE
GatineauLoppet-Keskinada,16KMCLASSIQUE
GatineauLoppet-Keskinada,31CLASSIQUE
GatineauLoppet-Keskinada,31KMPATIN/SKATE
GoodLifeFitnessVictoriaMarathon,MARATHON
GoodlifeFitnessTorontoMarathon,HALFMARATHON
GoodlifeFitnessTorontoMarathon,MARATHON
"GoodlifeTorontoMarathon,HalfMarathon,and5k",FULLMARATHON
"GoodlifeTorontoMarathon,HalfMarathon,and5k",HALFMARATHON
"GoodlifeTorontoMarathon,HalfMarathon,and5k",MARATHON
"GrahamBeasleyTriathlon,Duathlon&Relays",SPRINTTRIATHLON
GranFondoCentre-du-Québec,PICCOLOFONDO108KM
GranFondoColnago,56KM
GranFondoColnago,93KM
GranFondoMont-Sainte-Anne,MEDIOFONDO
GranFondoMontSainte-Anne,PICCOLOFONDO(80KM)
GranFondoNiagaraFalls,KING/QUEENOFTHEMOUNTAIN
GrandPrixCyclisteGatineau,GRANDFONDOGATINEAU111.8KM
GrandPrixCyclisteGatineau,MEDIOFONDOGATINEAU69KM
GrandPrixCyclistedeGatineau,GRANFONDO
GrandPrixCyclistedeGatineau,MEDIOFONDO
GranfondoGarneau-Cascades,110KM
GranfondoGarneau-Cascades,GRANFONDO
GranfondoGarneau-Cascades,KINGOFTHEMOUNTAIN
GreatRaisinRiverFootrace,11KM
GreatRaisinRiverFootrace,5KM
GuelphLakeISubaruTriathlon,5150TRIATHLON
HINTONBURGCENTENNIAL5K,5KM
Harry'sSpringRunOff,5KM
Harry'sSpringRunOff,8KM
HeatherSaaltinkMemorialRun,10KMRUN
HeatherSaaltinkMemorialRun,10KRUN
HeatherSaaltinkMemorialRun,5KMRUN
HeatherSaaltinkMemorialRun,5KRUN
Ho`alaSwim,2.4MILESWIM
HobbleGobblePredictionRun,SHORTCOURSE-BYPREDICTION
HobbleGobblePredictionRun,SHORTCOURSE-BYTIME
HonoluluMarathon,MARATHON
IRONMAN70.3Chattanooga,INDIVIDUAL
IRONMANWisconsin,INDIVIDUAL
IntertrustCaymanIslandsMarathon,MARATHON
IronGirlTriforaCure,SPRINTTRIATHLON
Ironman70.3Austin,OVERALLRESULTS
Ironman70.3CaliforniaOceanside,OVERALL
Ironman70.3CaliforniaOceanside,OVERALLRESULTS
Ironman70.3Eagleman,INDIVIDUAL
Ironman70.3Eagleman,OVERALL
Ironman70.3Florida,INDIVIDUAL
Ironman70.3Hawaii,OVERALL
Ironman70.3Miami,70.3RESULTS
Ironman70.3Miami,OVERALLRESULTS
Ironman70.3Mont-Tremblant,INDIVIDUEL
Ironman70.3Monterrey,INDIVIDUALRESULTS
Ironman70.3Monterrey,IRONMAN70.3MONTERREYRESULTS
Ironman70.3Mooseman,OVERALL
Ironman70.3Muskoka,INDIVIDUALRESULTS
Ironman70.3Muskoka,OVERALL
Ironman70.3Muskoka,OVERALLRESULTS
Ironman70.3PoconoMountains,OVERALLRESULTS
Ironman70.3Princeton,70.3RESULTS
Ironman70.3PuertoRico,OVERALL
Ironman70.3Raleigh,OVERALL
Ironman70.3RhodeIsland,OVERALLRESULTS
Ironman70.3SanJuan,OVERALLRESULTS
Ironman70.3St.George,OVERALL
Ironman70.3Steelhead,OVERALLRESULTS
Ironman70.3Syracuse,70.3RESULTS
Ironman70.3Syracuse,OVERALL
Ironman70.3Texas,OVERALL
Ironman70.3Timberman,70.3RESULTS
Ironman70.3Timberman,INDIVIDUAL
Ironman70.3Timberman,IRONMAN70.3
Ironman70.3Timberman,OVERALLRESULTS
Ironman70.3WorldChampionship,OVERALLRESULTS
IronmanArizona,OVERALLRESULTS
IronmanBoulder,OVERALLRESULTS
IronmanCalgary70.3,OVERALLRESULTS
IronmanCanada,INDIVIDUAL
IronmanCanada,OVERALL
IronmanCanada,OVERALLRESULTS
IronmanCozumel,OVERALL
IronmanFlorida,OVERALLRESULTS
IronmanFlorida70.3,OVERALLRESULTS
IronmanLakePlacid,INDIVIDUALRESULTS
IronmanLakePlacid,OVERALL
IronmanLakePlacid,OVERALLRESULTS-FULL140.6DISTANCE
IronmanLakePlacid,OVERALLRESULTS-SHORTENEDRACE
IronmanLonestar70.3,OVERALL
IronmanLosCabos,IRONMANLOSCABOSRESULTS
IronmanLouisville,OVERALL
IronmanLouisville,OVERALLRESULTS
IronmanMaryland,OVERALLRESULTS
IronmanMont-Tremblant,OVERALL
IronmanMont-Tremblant,OVERALLRESULTS
IronmanMont-Tremblant,RESULTATS
IronmanMont-Tremblant70.3,70.3RESULTS
IronmanMont-Tremblant70.3,OVERALL
IronmanMont-Tremblant70.3,OVERALL70.3
IronmanMont-Tremblant70.3WorldChampionship,RESULTATS
IronmanMuskoka,IRONMAN
IronmanMuskoka70.3,OVERALLRESULTS
IronmanSyracuse70.3,OVERALLRESULTS
IronmanTexas,OVERALLRESULTS
IronmanU.S.Championships,OVERALLRESULTS
IronmanWorldChampionship,OVERALLRESULTS
IronmanWorldChampionship70.3,OVERALL
IronmanWorldChampionshippresentedbyGoPro,OVERALLRESULTS
IronmanandIronman70.3LosCabos,FULLIRONMANOVERALL
IslandGirlHalfMarathon,HALFMARATHON
Jordan1kmand5km,5K
K-TownTriathlonandDuathlon,LONGCOURSE
K-TownTriathlonandDuathlon,SHORTCOURSE
K-TownTriathlonandDuathlon,SHORTCOURSEDUATHLON
KRRALimestoneRaceWeekend,HALFMARATHON
KemptvilleRaceDay,10KMRUN
KingstonTriathlon,TRIATHLON
KneeKnackeringNorthShoreTrailRun,30MILES
L'EchapeeBelle,45KM
L'EchapeeBelle,80KM
L'UltimeConquête-TomeII,5KMINDIVIDUELPARTICIPATIF
LACOURSEDELAFONDATIONHOTEL-DIEU-DE-SOREL,10.5KM-COURSE
LACOURSEDELAFONDATIONHOTEL-DIEU-DE-SOREL,21KM
LACOURSEDELAFONDATIONHOTEL-DIEU-DE-SOREL,5KM-COURSE
LAFOULÉEDESPARCS,10KM
LAFOULÉEDESPARCS,1KM
LAFOULÉEDESPARCS,2KM
LAFOULÉEDESPARCS,5KM
LAGRANDEVIRÉEDESSENTIERS,10KM
LAGRANDEVIRÉEDESSENTIERS,1KM-8-9ANS
LAGRANDEVIRÉEDESSENTIERS,20KM
LAGRANDEVIRÉEDESSENTIERS,2KM-10-11ANS
LAGRANDEVIRÉEDESSENTIERS,5KM
LE10KMDEL'UNIVERSITÉLAVAL,10KM
LEDÉFIBEAUCERON,DEMI-MARATHON21.1KM
LESDÉFISDELACOURSEDUCARTON-CARTONFOLIES,10KM
LETRIATHLONDEVICTORIAVILLE,TRIATHLONOLYMPIQUE
LETRIATHLONDEVICTORIAVILLE,TRIATHLONSPRINT
LETRIATHLONDEVICTORIAVILLE,TRIATHLONSÉRIEGRANDPRIX-DEMI-FINALE
LETRIATHLONDEVICTORIAVILLE,TRIATHLONSÉRIEGRANDPRIX-FINALEA
LETRIATHLONDEVICTORIAVILLE,TRIATHLONSÉRIEGRANDPRIX-FINALEB
LaCourseDefiSantedeMortagne,5KM
LaFouleedesParcs,10KM
LaFouleedesParcs,1KM
LaFouleedesParcs,2KM
LaFouleedesParcs,2KM(AVECPOUSETTE)
LaFouleedesParcs,5KM
LaFouleedesParcs,5KMPOUSSETTES
LaGrandeCourse,10KM
LaGrandeCourse,21KM
LaGrandeVadrouille,10KM
LaGrandeVadrouille,2KM
LaGrandeVadrouille,5KM
LaGrandeVireedesSentiersSt-Bruno,10KM
LaGrandeVireedesSentiersSt-Bruno,1KM
LaGrandeVireedesSentiersSt-Bruno,1KMU6
LaGrandeVireedesSentiersSt-Bruno,20KM
LaGrandeVireedesSentiersSt-Bruno,5KM
LaPetiteDerniere,11KM
LaPetiteDerniere,5.5KM
LaRueedesJarrets,10KM
LaValsedescoureurs,10KM
LaValsedescoureurs,2KM
LaValsedescoureurs,5KM
LacoursedeFontainebleau,10KM
LacoursedeFontainebleau,5KMCOURSE
LastChanceTriathlon,SPRINTTRIATHLON
Le21kmBoutiqueCourir,10KM
Le21kmBoutiqueCourir,5KM
Le21kmBoutiqueCourir,DEMIMARATHON
Le5et10kmduP'titTrainduNord,10KM
Le5et10kmduP'titTrainduNord,5KM
Le5et10kmduPtitTrainduNord,10KM
Le5et10kmduPtitTrainduNord,5KM
Le5kdesflambeaux,5KM
Le5kmEndurance,2KM
Le5kmEndurance,5KM
LeChallengeIRCM-Courirpourlavie,10KM
LeChallengeIRCM-Courirpourlavie,5KM
LeCrossDesCouleurs,11KM
LeCrossDesCouleurs,2KM
LeCrossDesCouleurs,4K
LeCrossDesCouleurs,4KM
LeCrossDesCouleurs,8KM
LeCrossdesCouleurs,11KM
LeDefiBeauceron,10KM
LeDefiBeauceron,21KM
LeDefiBeauceron,5KM
LeDefiBeauceron,7KMMARCHE
LeDefiBeauceron,DEMI-MARATHON
LeDefidesPeresNoeldelaFondationHopitalPierre-Boucher,10KM
LeDefidesPeresNoeldelaFondationHopitalPierre-Boucher,1KM
LeDefidesPeresNoeldelaFondationHopitalPierre-Boucher,5KM
LeNorvegien-CoupedesMaitresJour1,JOUR1-20KMCLASSIQUE
LeNorvegien-CoupedesmaitresJour2,COUPEDESMAITRES-POURSUITEFINALE
LeNorvegien-CoupedesmaitresJour2,JOUR2-22KMPATIN/STYLELIBRE
LePentathlondeVictoriaville,COURTEDISTANCE-INDIVIDUEL
LePentathlondeVictoriaville,CROSS-COUNTRY-2KM
LePentathlondeVictoriaville,CROSS-COUNTRY-4KM
LePentathlondeVictoriaville,CROSS-COUNTRY-8KM
LePentathlondeVictoriaville,CROSS-COUNTRY4KM
LePentathlondeVictoriaville,CROSSCOUNTRY-4KM
LePentathlondeVictoriaville,CROSSCOUNTRY-8KM
LePentathlondeVictoriaville,LONGUEDISTANCE-INDIVIDUEL
LePentathlondeVictoriaville,PENTATHLONVOLETINDIVIDUEL-COURTEDISTANCE
LePentathlondeVictoriaville,PENTATHLONVOLETINDIVIDUEL-LONGDISTANCE
LePentathlondeVictoriaville,PENTATHLONVOLETINDIVIDUEL-SHORTDISTANCE
LeTourdelaPointe,10KM
LeTourdelaPointe,3KM
LeTourdelaPointe,5KM
Letourdel'horloge,5KM
Letourdel'horloge,8KM
LexisNexisIRONMAN70.3Raleigh,INDIVIDUAL
LimestoneHalf-Marathonand5km,HALFMARATHON
LindsayMilkRun,10K
LindsayMilkRun,10KM
LindsayMilkRun,5KMRUN-WALK
LoppetVikingdeMorin-Heights,JACKWAHLBERG20KMCLASSIQUE
LoppetVikingdeMorin-Heights,JANNORDSTROM10KMCLASSIQUE
LoppetVikingdeMorin-Heights,SMITH-JOHANNSEN33KMCLASSIQUE
MECOttawaTriathlonSprint,TRIATHLONSPRINT
MECOttawarace1-TheSpringFlyer,10MILES
MECOttawarace2-Dad'sDayDash,5KM
MECOttawarace2-Dad'sDayDash,HALFMARATHON
MECOttawarace3-Heggtveit’sRevengeTRAIL,5KM
MECOttawarace3-Heggtveit’sRevengeTRAIL,9KM
MECOttawarace4-TheMECGatineauParkTrailRaces,20KM
MECOttawarace4-TheMECGatineauParkTrailRaces,30KM
MECOttawarace4-TheMECGatineauParkTrailRaces,50KM
ManitobaMarathon,HALFMARATHON
ManitobaMarathon,MARATHON
Marathon Oasis Rock 'n' Roll de Montreal,1 km - P'tit Marathon
Marathon Oasis Rock 'n' Roll de Montreal,10 km
Marathon Oasis Rock 'n' Roll de Montreal,5 km
Marathon Oasis Rock 'n' Roll de Montreal,Demi-Marathon
Marathon Oasis Rock 'n' Roll de Montreal,Marathon
Marathon Oasis Rock ‘n’ Roll de Montréal,10 km
Marathon Oasis Rock ‘n’ Roll de Montréal,5 km Sports Experts
Marathon Oasis Rock ‘n’ Roll de Montréal,Demi-Marathon
Marathon Oasis Rock ‘n’ Roll de Montréal,Marathon
Marathon Oasis Rock ‘n’ Roll de Montréal,P'tit Marathon 1 km Tel-Jeunes
Marathon Oasis de Montreal,10 km
Marathon Oasis de Montreal,10km
Marathon Oasis de Montreal,1km P'tit Marathon
Marathon Oasis de Montreal,5 km Sports Experts
Marathon Oasis de Montreal,5km Sports Experts
Marathon Oasis de Montreal,Demi-Marathon
Marathon Oasis de Montreal,Marathon
MarathonOasisRock'n'RolldeMontreal,10KM
MarathonOasisRock'n'RolldeMontreal,1KM-P'TITMARATHON
MarathonOasisRock'n'RolldeMontreal,5KM
MarathonOasisRock'n'RolldeMontreal,DEMI-MARATHON
MarathonOasisRock'n'RolldeMontreal,MARATHON
MarathonOasisRock‘n’RolldeMontréal,10KM
MarathonOasisRock‘n’RolldeMontréal,5KMSPORTSEXPERTS
MarathonOasisRock‘n’RolldeMontréal,DEMI-MARATHON
MarathonOasisRock‘n’RolldeMontréal,MARATHON
MarathonOasisRock‘n’RolldeMontréal,P'TITMARATHON1KMTEL-JEUNES
MarathonOasisdeMontreal,10KM
MarathonOasisdeMontreal,1KMP'TITMARATHON
MarathonOasisdeMontreal,1KMPTITMARATHON
MarathonOasisdeMontreal,5KMSPORTSEXPERTS
MarathonOasisdeMontreal,DEMI-MARATHON
MarathonOasisdeMontreal,MARATHON
MarathonSSQLévis-Québec,10KM
MarathonSSQLévis-Québec,10KMOASIS
MarathonSSQLévis-Québec,COURSEDESJEUNESTANGUAY
MarathonSSQLévis-Québec,DEMI-MARATHON
MarathonSSQLévis-Québec,MARATHON
MarathondeRIMOUSKI,10KM
MarathondeRIMOUSKI,5KM
MarathondeRIMOUSKI,DEMIMARATHON
MarathondeRIMOUSKI,MARATHON
MarathondeRimouski,10KM
MarathondeRimouski,"21,1KM"
MarathondeRimouski,21.1KM
MarathondeRimouski,"4,2KM"
MarathondeRimouski,4.2KM
MarathondeRimouski,42.2KM
MarathondeRimouski,DEMI-MARATHON
MarathondeRimouski,MARATHON
MarathondesDeuxRivesLévis-Québec,10KM
MarathondesDeuxRivesLévis-Québec,DEMI-MARATHON
MarathondesDeuxRivesLévis-Québec,MARATHON
MarathondesÉrables,10KM
MarathondesÉrables,15KM
MarathondesÉrables,30KM
MarathondesÉrables,5KM
MarathondesÉrables,DEMI-MARATHON
MarathondesÉrables,MARATHON
Melissa'sRoadRace,10KM
Melissa'sRoadRace,21KM
Melissa'sRoadRace,22KM
MemorialHermannIRONMANNorthAmericanChampionshipTexas,INDIVIDUAL
Mercedes-Benz10K,10K
Mercedes-Benz10K,10KMRUN
Mercedes-BenzOakville10k,MERCEDES-BENZOAKVILLE10K
MetConBlueAdventureRace,5K
MikeCollingwoodMeechLakeTriathlon,TRIATHLON
MiltonSubaruTriathlon,SPRINTTRIATHLON
MississaugaMarathonRaces,10KM
MississaugaMarathonRaces,AMJCAMPBELLFULLMARATHON
MississaugaMarathonRaces,FULLMARATHON
MississaugaMarathonRaces,HALFMARATHON
MississaugaMarathonRaces,HALFMARATHONRUN
MississaugaMarathonRaces,MARATHON
MississaugaMarathonRaces,MNP10KMRUN
MississaugaMarathonRaces,RECHARGEWITHMILKHALFMARATHONRUN
MontrealCIBCRunfortheCure,5KMCOURSE
MontrealCIBCRunfortheCure,5KMMARCHE
Morin-HeightsVikingLoppet,5KMRAQUETTE
Morin-HeightsVikingLoppet,JACKWAHLBERG20KMCLASSIQUE
Morin-HeightsVikingLoppet,JANNORDSTROM10KMCLASSIQUE
Morin-HeightsVikingLoppet,SMITH-JOHANNSEN33KMCLASSIQUE
MudHero,6KMOVERALLRESULTS
MudHeroHalifax,6KMOBSTACLECOURSE
MudHeroHalifax,OVERALL
MudHeroMontreal,6KM
MudHeroMontreal,6KMMUDRUNANDOBSTACLECOURSE
MudHeroMontreal,6KMOBSTACLECOURSE
MudHeroOttawa,6KM
MudHeroOttawa,6KMOBSTACLECOURSEANDMUDRUN
MudHeroOttawa,6KOBSTACLECOURSE
MudHeroToronto,6KMOBSTACLECOURSE
MudHeroTorontoNorth,6KMOBSTACLECOURSE
MultiSportCanadaTriathlonSeriesBinbrook,TRIATHLON
MultiSportCanadaTriathlonSeriesBracebridge,OLYMPICTRIATHLON
MultiSportCanadaTriathlonSeriesCobourg,OLYMPICDISTANCETRIATHLON
MultiSportCanadaTriathlonSeriesTorontoIsland,SPRINTDUATHLON
MultiSportCanadaTriathlonSeriesTorontoIsland,SPRINTTRIATHLON
"MultiSportCanadaTriathlonSeriesWellandTri,Du&Give-It-A-Tri",LONGCOURSETRIATHLON
MultiSportCanadaTriathlonSeriesWellandTri/Du&Give-It-A-Tri,GIVE-IT-A-TRI
MultiSportCanadaTriathlonSeriesWellandTri/Du&Give-It-A-Tri,HALFIRONDISTANCETRIATHLON
MultiSportCanadaTriathlonSeriesWellandTri/Du&Give-It-A-Tri,HALFIRONTRIATHLON
MultiSportCanadaTriathlonSeriesWellandTri/Du&Give-It-A-Tri,HALFTRIATHLON
MultisportCanada:NiagaraFallsBarrelmanTriathlon,BARRELMANHALFIRONTRIATHLON
MultisportCanadaTriathlonSeriesLakeside,OLYMPICTRIATHLON
MuskokaRocks5&10K,UPS10KM
NationalCapital5and10kmRun,10KM
NationalCapital5and10kmRun,5KM
NationalCapital5and10kmRun&WylieRyanKidsSurfnTurf,10KM
NationalCapitalTriathlonDuathlonandRelays,OLYMPICTRIATHLON
NationalCapitalTriathlonDuathlonandRelays,SPRINTTRIATHLON
NationalCapitalTriathlonDuathlonandRelays,SUPERSPRINTTRIATHLON
NiagaraFallsInternationalMarathon,AUTOVALUEHYUNDAIHALF-MARATHONRUN
NiagaraFallsInternationalMarathon,HALFMARATHON
NiagaraFallsInternationalMarathon,MARATHON
NiagaraFallsWomen'sHalfMarathon,HALFMARATHON
NiagaraFallsWomen'sHalfMarathon,HALFMARATHONRUN
NikeWomen'sMarathon,MARATHON
NorthFaceEnduranceChallenge,5K
NorthFaceEnduranceChallenge,GORE-TEX50MILE
NorthFaceEnduranceChallenge,HALFMARATHON
NorthFaceEnduranceChallenge-NortheastRegional,50MILES
NutrienceOakvilleHalf-Marathonand10Km,NUTRIENCEHALFMARATHON
NutrienceOakvilleHalf-Marathonand10Km,NUTRIENCEHALFMARATHONRUN
OasisZooRun,10KM
OasisZooRun,10KMRUN
OasisZooRun10kRun5kRun,10KM
OkaDuathlon,DUATHLON
OkaRoadRace,10KCOURSE
OkaRoadRace,10KM
OkaRoadRace,1KCOURSE
OkaRoadRace,5KCOURSE
OkaRoadRace,5KM
OkaRoadRace,DEMI-MARATHON
OkaRoadRace,HALFMARATHON
OkaSkiMarathon,10KMSTYLELIBRE
OkaSkiMarathon,42KMSTYLELIBRE
OrilliaSUBARUTRIATHLON,SPRINTTRIATHLON
OttawaBeatBeethoven,8KM
OttawaBeatBeethoven,8KMRUN
OttawaBeatBeethoven,HALFMARATHON
OttawaBicycleClubGrandPrix,SENIORMEN3
OttawaCraftBeerRun,5KM
OttawaEarlyBirdTriathlon,SPRINTTRIATHLON
OttawaEarlyBirdTriathlon,SUPERSPRINTTRIATHLON
OttawaEarlyBirdTriathlonandDuathlon,LONGTRIATHLON
OttawaEarlyBirdTriathlonandDuathlon,LONGTRIATHON
OttawaEarlyBirdTriathlonandDuathlon,SPRINTTRIATHLON
OttawaEarlyBirdTriathlonandDuathlon,SUPERSPRINTTRIATHLON
OttawaFallColoursMarathon,10.5KM
OttawaFallColoursMarathon,FULLMARATHON
OttawaFallColoursMarathon,HALFMARATHON
OttawaFallColoursMarathonEvents,10KM
OttawaFallColoursMarathonEvents,5KM
OttawaFallColoursMarathonEvents,FULLMARATHON
OttawaFallColoursMarathonEvents,HALFMARATHON
OttawaFallColoursMarathonEvents,MARATHON
OttawaFallColoursMarathonEvents,TURKEYCHALLENGE
OttawaPhysioRace,10KM
OttawaRaceWeekend,10KM
OttawaRaceWeekend,2KM
OttawaRaceWeekend,5KM
OttawaRaceWeekend,HALFMARATHON
OttawaRaceWeekend,HTGSPORTS5K
OttawaRaceWeekend,MARATHON
OttawaRaceWeekend,OTTAWA10K
OttawaRaceWeekend,OTTAWA2K
OttawaRaceWeekend,OTTAWAHALF-MARATHON-DEMI-MARATHON
OttawaRaceWeekend,OTTAWAMARATHON
OttawaRiverTriathlon,OLYMPICDUATHLON
OttawaRiverTriathlon,SPRINTTRIATHLON
OttawaRiverTriathlon&Duathlon,LONGCOURSEDUATHLON
OttawaRiverTriathlon&Duathlon,SPRINTTRIATHLON
OttawaRunforPalestine,5KM
OttawaStPatrick'sDayRun,10KM
OttawaStPatrick'sDayRun,5KM
OurHospitalWalk-Run,8KMWALK/RUN
PearsonRunwayRun,5KM
Pentathlondesneiges,DEFICOURTEDISTANCE-SOLO
Pentathlondesneiges,DEFILONGUEDISTANCE-SOLO
Pentathlondesneiges,DÉFICOURTEDISTANCEMERRELL-SOLO
Pentathlondesneiges,SKIATHLON-2X6KMSOLO
PrideandRemembranceRun,5KM
PuertoRicoMarathonandHalfMarathon,MARATHON
QueenCityMarathon,MARATHON
QuébecITUTriathlonHiver,PATIN-MARATHON25KM
QuébecITUTriathlonHiver,TRIATHLOND'HIVER-GROUPESD'ÂGES
QuébecITUTriathlond'Hiver,GROUPESD'ÂGES
RAIDVÉLOMAG-VÉLIRIUM,30KM
RAIDVÉLOMAG-VÉLIRIUM,33KM
RAIDVÉLOMAG-VÉLIRIUM,60KM
RBCGranFondoCanadaWhistler,GRANFONDO-122KM
RaceRosterSpringRunOff,5KM
RaceRosterSpringRunOff,5KM-KILLTHEHILLCHALLENGE
RaceRosterSpringRunOff,8KM
RaceRosterSpringRunOff,8KM-KILLTHEHILLCHALLENGE
RattleMeBones,5KMFUNNYBONE
RattlemeBones5and10km,10KMWISHBONE
RattlemeBones5and10km,5KMFUNNYBONE
RattlemeBones5and10km,FUNNYBONERUN5K
RattlemeBones5and10km,WISHBONERACE10K
RendezvousauDIX30,10KM
RendezvousauDIX30,5KM
RiRaSanta5K,5KMRUN/WALK
RunWalk4PatrickFamilyFest,10KM
RunWalk4PatrickFamilyFest,HALFMARATHON
RunforReach,VITTORIATRATTORIAHALFMARATHON
RunforRetina,10KM
RunforRetina,HALFMARATHONRUN
RunforRetina,SISKINDSHALFMARATHONRUN
RunfortheGrapesHalf-marathonand5Kmrun,HALFMARATHON
RunfortheToad,25KM
Runfortheanimals,5K
RuntoendMS,HALFMARATHON
RuntoendMS,MARATHON
"RuntoendMSHalf-Marathon,5kmand10km",10KM
"RuntoendMSHalf-Marathon,5kmand10km",5KM
"RuntoendMSHalf-Marathon,5kmand10km",HALF-MARATHON
"RuntoendMSHalf-Marathon,5kmand10km",HALFMARATHON
SaskatchewanCreditUnionsQueenCityMarathon,RUNNINGROOM21.1KRUN
SaskatchewanCreditUnionsQueenCityMarathon,SASKATCHEWANCREDITUNIONS42.2KRUN
SaskatchewanMarathon,HALFMARATHON
SaskatchewanMarathon,MARATHON
SaundersSubaruVictoriaTriathlon,HALFIRON
ScotiabankBlueNoseMarathon,5KM
ScotiabankBlueNoseMarathon,GOODLIFEFITNESS10K
ScotiabankBlueNoseMarathon,GOODLIFEFITNESS10KM
ScotiabankBlueNoseMarathon,HALFMARATHON
ScotiabankBlueNoseMarathon,JOHNSON5KM
ScotiabankBlueNoseMarathon,MARATHON
ScotiabankBlueNoseMarathon,RECHARGEWITHMILKHALFMARATHON
ScotiabankBlueNoseMarathon,SCOTIABANKFULLMARATHON
ScotiabankCanadaDayRoadRaces,10K
ScotiabankCanadaDayRoadRaces,10KM
ScotiabankCanadaDayRoadRaces,5K
ScotiabankCanadaDayRoadRaces,5KM
ScotiabankTorontoWaterfrontMarathon,5KM
ScotiabankTorontoWaterfrontMarathon,HALFMARATHON
ScotiabankTorontoWaterfrontMarathon,MARATHON
ScotiabankVancouverHalfMarathon,HALFMARATHON
ScotiabankVancouverHalfMarathon&5k,HALFMARATHON
SeaWheezeHalfMarathon,HALFMARATHON
Self-TranscendenceTriathlon/Duathlon,DUATHLON
SmithFallsSpringFlingRunningThing,HALFMARATHON
SmithsFallsClassicTriathlon/Duathlon&Relay,SPRINTTRIATHLON
SouthCoastMarathon,MARATHON
SouthOttawaRaceDay,HALFMARATHON
SouthOttawaRaceDayHalfMarathon,HALFMARATHON
SportingLife10K,10KM
SportingLife10KOttawa,10KM
SportingLife10KToronto,10KM
SportingLife10k,10KM
Sports4Emilie'sRun,HALFMARATHON
Sports4Emilie’sRun,5KM
StPatricksDayRace,10KM
StPatricksDayRace,5KM
SubaruGuelphLakeIITriathlonandDuathlon,SPRINTTRIATHLON
SubaruGuelphLakeIITriathlonandDuathlon,TRYATRI
SubaruGuelphLakeISprintTriathlon&Duathlon,SPRINTDUATHLON
SubaruGuelphLakeISprintTriathlon&Duathlon,TRYATRI
SubaruGuelphLakeITriathlon&Duathlon,OLYMPICTRIATHLON
SubaruIronman70.3Victoria,INDIVIDUAL
SubaruMiltonTriathlon,SPRINTTRIATHLON
SubaruMuskokaTriathlonandDuathlon,5150TRIATHLON
SubaruPeterboroughTriathlonandDuathlon,HALFIRONTRIATHLON
SubaruVictoria'sDuathlon,DUATHLON
SurreyInternationalMusicMarathon,HALFMARATHON
SydenhamLakesideTriathlonandDuathlon,SUPERSPRINTTRIATHLON
THECOUNTYMARATHON,FULLMARATHON
THECOUNTYMARATHON,RE/MAXQUNITEHALFMARATHON
TORONTOISLANDTRIATHLON,SPRINTTRIATHLON
TORONTOWOMEN'SHALFMARATHON&5K,5KM
TORONTOWOMEN'SHALFMARATHON&5K,HALFMARATHONCHANGEDTO12.3K
TRIATHLONACADEMIESAINTE-THERESE,TRIATHLONOLYMPIQUE
TRIATHLONACADEMIESAINTE-THERESE,TRIATHLONSPRINT
TRIATHLONDUFJORD,TRIATHLONOLYMPIQUE
TamarackOttawaRaceWeekend,HTGSPORTS5K
TamarackOttawaRaceWeekend,LOWERTOWNBREWERYOTTAWA10K
TamarackOttawaRaceWeekend,OTTAWA10K
TamarackOttawaRaceWeekend,OTTAWA2K
TamarackOttawaRaceWeekend,OTTAWA5K
TamarackOttawaRaceWeekend,OTTAWAHALFMARATHON
TamarackOttawaRaceWeekend,OTTAWAMARATHON
TamarackOttawaRaceWeekend,OTTAWAMARATHON-SHORTENEDRACE
TamarackOttawaRaceWeekend,SCOTIABANKOTTAWAHALFMARATHON
TamarackOttawaRaceWeekend,SCOTIABANKOTTAWAMARATHON
TheCanadianMarathonHalfMarathon8Kmand3Kmruns,8KM
TheCanadianMarathonHalfMarathon8Kmand3Kmruns,FULLMARATHON
TheCanadianMarathonHalfMarathon8Kmand3Kmruns,HALFMARATHON
TheCanadianMarathonHalfMarathon8kmand3kmRuns,THECANADIANEVENINGHALF-MARATHON
TheCountyMarathon,FULLMARATHON
TheCountyMarathon,HALFMARATHON
TheCountyMarathon,MARATHON
TheFriendlyMasseyMarathon,HALFMARATHON
TheFriendlyMasseyMarathon,MARATHON
TheNorthFaceEnduranceChallengeOntario-Trail,50K
TheNorthFaceEnduranceChallengeOntario-Trail,GORE-TEX80K
TheNorthFaceEnduranceChallengeOntario-Trail,HALFMARATHON
TheNorthFaceEnduranceChallengeOntario-Trail,MARATHON
TheNorthFaceUltra-TrailHarricanaduCanada,10KM-SAIL
TheNorthFaceUltra-TrailHarricanaduCanada,28KM-MOMENTUMTECHNOLOGIES
TheNorthFaceUltra-TrailHarricanaduCanada,65KM-VALEURSMOBILIÈRESDESJARDINS
TheNorthFaceUltra-TrailHarricanaduCanada,80KM(50MILES)
TheRunforGrapes1/2Marathon&amp;5kmRun,HALFMARATHON
ThousandIslandTriathlon/DuathlonandRelay,OLYMPICTRIATHLON
ThousandIslandTriathlon/DuathlonandRelay,SPRINTTRIATHLON
ThousandIslandTriathlon/DuathlonandRelay,SUPERSPRINTTRIATHLON
TimHortonsCasablancaClassic8&3K,8KMRUN
TimHortonsGrimsbyHalfMarathonandFamilyDay10K&3K,HALFMARATHON
Timberman70.3,INDIVIDUAL
TimbermanSprintTriathlon,TRIATHLON
TimbermanTriathlon,SPRINTTRIATHLON
TimbermanTriathlon,TIMBERMANSPRINTTRIATHLON
TorontoInternationalTenMilerand5K,10MILES
TorontoPearsonRunwayRun,5K
TorontoPearsonRunwayRun,5KM
TorontoWaterfront10,10KM
TorontoWomen's10k&5k,10KMRUN/WALK
TorontoWomen's8K/5K,8KM
TorontoWomen'sHalfMarathon&5K,HALFMARATHON
TorontoWomens10K&5K,10KM
TorontoYongeStreet10K,10KM
TorontoYongeStreet10K,10KMRUN
TorontoYongeStreet10k,10KM
ToughmanTupperLakeTinman,SPRINTTRIATHLON
ToughmanTupperLakeTinman,TINMANTRIATHLON
TourdelaBaie,21.1KM
TourdelaPointe,3KM
TourdelaPointe,5KM
TourduCapTourmente,10KMCOURSE
TourduCapTourmente,DEMI-MARATHON
TourduCapTourmenteSimard,10KM
TourduCapTourmenteSimard,21.1KM
TourduLacBrome,10KMROUTE
TourduLacBrome,1KMP'TITMARATHON
TourduLacBrome,20KMROUTE
TourduLacBrome,"22,2KMCHEMINDECAMPAGNE"
TourduLacBrome,22.2KMCHEMINDECAMPAGNE
TourduLacBrome,5KMROUTE
TourduLacBrome,9KMTRAIL
TourduLacBrome,CHALLENGEMARATHON
TourduLacBromeMerrell,10KM
TourduLacBromeMerrell,20KM
TourduLacBromeMerrell,22.2KM
TourduLacBromeMerrell,5KM
TourduLacBromeMerrell,9KM-TRAIL
TourduLacBromeMerrell,CHALLENGEMARATHON
TourduMont-Valin,12KMRAQUETTE
TourduMont-Valin,45KMCLASSIQUE
TourduMont-Valin,45KMSTYLELIBRE
TourduMontValin,20KMCLASSIQUE
TourduMontValin,45KMCLASSIQUE
TourduMontValin,45KMSTYLELIBRE
TourduMontValinSki,20KMCLASSIQUE
TourduMontValinSki,20KMSTYLELIBRE
TourduMontValinSki,38KMSTYLELIBRE
TrailCLB,20KM
TrailduCoureurdesBoisdeDuchesnay,GRANDTRAIL
TrailducoureurdesboisdeDuchesnay,GRANDTRAIL-18KM
TrailducoureurdesboisdeDuchesnay,PETITTRAILOASIS-8KM
Triathlon-DuathlonTrois-Rivieres,DUATHLONSPRINT
Triathlon-DuathlonTrois-Rivieres,TRIATHLONSPRINT
Triathlon/DuathlonMont-Tremblant,DUATHLONOLYMPIQUE
Triathlon/DuathlonMont-Tremblant,DUATHLONSPRINT
Triathlon/DuathlonMont-Tremblant,IRONMAN5150-TRIATHLONOLYMPIQUE
Triathlon/DuathlonMont-Tremblant,TRIATHLONOLYMPIQUE
Triathlon/DuathlonMont-Tremblant,TRIATHLONSPRINT
Triathlon/DuathlonTrois-Rivieres,TRIATHLONSPRINT
TriathlonAcademieSte-Therese/VilledeBlainville,SPRINT
TriathlonAcademieSte-Therese/VilledeBlainville,TRIATHLON-SPRINT
TriathlonAcademieSte-Therese/VilledeBlainville,TRIATHLONINITIATION
TriathlonAcademieSte-Therese/VilledeBlainville,TRIATHLONINITIATION-10-99ANS
TriathlonAcademieSte-Therese/VilledeBlainville,TRIATHLONSPRINT
TriathlonChallengeAntoine-ManseauJoliette,TRIATHLONSPRINTAGCOUPEDUQUÉBEC
TriathlonChallengeAntoine-ManseauJoliette,TRIATHLONSPRINTAGOUVERT
TriathlonChallengeAntoine-ManseauJoliette,TRIATHLONSPRINTÉLITES
TriathlonCharlevoix,DUATHLONOLYMPIQUE
TriathlonCharlevoix,DUATHLONOLYMPIQUEINDIVIDUEL
TriathlonCharlevoix,DUATHLONSPRINT
TriathlonCharlevoix,MINITRIATHLON
TriathlonCharlevoix,TRIATHLONOLYMPIQUE
TriathlonCharlevoix,TRIATHLONOLYMPIQUEINDIVIDUEL
TriathlonCharlevoix,TRIATHLONSPRINT
TriathlonDrummondville,DUATHLON
TriathlonDrummondville,TRIATHLONOLYMPIQUE
TriathlonDrummondville,TRIATHLONSPRINT
TriathlonDuathlond'Oka,DUATHLON
TriathlonDuathlond'Oka,TRIAHTLON
TriathlonDuathlond'Oka,TRIATHLON
TriathlonDuchesnay,DUATHLONOLYMPIQUE
TriathlonDuchesnay,TRIATHLONOLYMPIQUE
TriathlonEspritdeMontreal,DEMI-ESPRIT
TriathlonEspritdeMontreal,DEMIESPRIT
TriathlonEspritdeMontreal,DUATHLONOLYMPIQUE
TriathlonEspritdeMontreal,DUATHLONSPRINT
TriathlonEspritdeMontreal,DUATHLONSPRINTAVECSILLONNAGE
TriathlonEspritdeMontreal,DUATHLONSPRINTSANSSILLONNAGE
TriathlonEspritdeMontreal,ESPRIT
TriathlonEspritdeMontreal,TRIATHLONASSOCIATIONPULMONAIRE
TriathlonEspritdeMontreal,TRIATHLONDEMI-ESPRIT
TriathlonEspritdeMontreal,TRIATHLONOLYMPIQUE
TriathlonEspritdeMontreal,TRIATHLONOLYMPIQUE-WETSUIT
TriathlonEspritdeMontreal,TRIATHLONSPRINT
TriathlonFBLDrummondville,DUATHLON
TriathlonFBLDrummondville,DUATHLON-COUPEDUQUEBEC
TriathlonFBLDrummondville,DUATHLONINDIVIDUEL
TriathlonFBLDrummondville,MINITRIATHLON
TriathlonFBLDrummondville,TRIATHLONOLYMPIQUE
TriathlonFBLDrummondville,TRIATHLONOLYMPIQUE-COUPEQUÉBEC
TriathlonFBLDrummondville,TRIATHLONOLYMPIQUE-OUVERT
TriathlonFBLDrummondville,TRIATHLONSPRINT
TriathlonInternationaldeMontreal,DÉFICORPORATIFBCF
TriathlonInternationaldeMontreal,TRIATHLONOLYMPIQUE
TriathlonInternationaldeMontreal,TRIATHLONOLYMPIQUE-CHAMPIONNATPROVINCIAL
TriathlonInternationaldeMontreal,TRIATHLONOLYMPIQUEQUALIFICATIONMONDIAUX2017
TriathlonInternationaldeMontreal,TRIATHLONSPRINT-SANSSILLONNAGE
TriathlonInternationaldeMontreal,TRIATHLONSPRINT-SILLONNAGE
TriathlonLac-Beauport,TRIATHLONSPRINT
TriathlonLacBeauport,DUATHLON
TriathlonLacBeauport,TRIATHLON
TriathlonNeptunedeSainte-ADELE,TRIATHLONSPRINT
TriathlonO2deSherbrooke,TRIATHLONO2
TriathlonO2deSherbrooke,TRIATHLONOLYMPIQUE
TriathlonPromutuelduFjord,DUATHLONOLYMPIQUE
TriathlonPromutuelduFjord,DUATHLONSPRINT
TriathlonPromutuelduFjord,TRIATHLONOLYMPIQUE
TriathlonPromutuelduFjord,TRIATHLONSPRINT
TriathlonRivières-des-Prairies,TRIATHLONSPRINT
TriathlonSaint-Donat,TRIATHLONENDURANCEAVENTUREOFFSHORE
TriathlonSaint-Donat,TRIATHLONENDURANCEAVENTURESPRINT
TriathlonSaint-Lambert,DUATHLON
TriathlonSaint-Lambert,SPRINTMAN(20TOPHOMMESET20TOPFEMMES)
TriathlonSaint-Lambert,TRIATHLONSPRINT
TriathlonSaint-Lambert,TRY-A-TRI(TRIATHLONINITIATION)
TriathlonSaintLambert,5K
TriathlonSaintLambert,DUATHLONSPRINT
TriathlonSaintLambert,SUPERSPRINTTRIATHLON
TriathlonSaintLambert,TRIATHLONSPRINT
TriathlonSainte-Adele,TRIATHLONSPRINT
TriathlonSt-Lambert,DUATHLON
TriathlonSt-Lambert,TRIATHLONINITIATION
TriathlonSt-Lambert,TRIATHLONSPRINT
TriathlonSte-Agathe,1KMNATATION
TriathlonSte-Agathe,DUATHLON
TriathlonSte-Agathe,DUATHLONSPRINT
TriathlonSte-Agathe,NAGE2KM
TriathlonSte-Agathe,NAGE5KM
TriathlonSte-Agathe,SPRINTDUATHLON
TriathlonSte-Agathe,SPRINTTRIATHLON
TriathlonSte-Agathe,TRAVERSEELACDESSABLES-5KM
TriathlonSte-Agathe,TRIATHLON
TriathlonSte-Agathe,TRIATHLONSPRINT
TriathlonTerrebonne,DUATHLON
TriathlonTerrebonne,SPRINTTRIATHLON
TriathlonTerrebonne,TRIATHLONSPRINT
TriathlonTrimemphredeMagog,DEMI-MARATHONDUCREPUSCULE-10KM
TriathlonTrimemphredeMagog,DEMI-MARATHONDUCREPUSCULE-21KM(19.5KM)
TriathlonTrimemphredeMagog,DUATHLONOLYMPIQUE
TriathlonTrimemphredeMagog,MINITRIATHLON
TriathlonTrimemphredeMagog,NAGEVELOINITIATION
TriathlonTrimemphredeMagog,TRIATHLONDEMIIRONMAN
TriathlonTrimemphredeMagog,TRIATHLONINITIATION
TriathlonTrimemphredeMagog,TRIATHLONLONGUEDISTANCE
TriathlonTrimemphredeMagog,TRIATHLONOLYMPIQUE
TriathlonTrimemphredeMagog,TRIATHLONSPRINT
TriathlonValD'Or,DUATHLONSPRINT
TriathlonValD'Or,TRIATHLONSPRINT
TriathlonValleyfield,DUATHLONOLYMPIQUE
TriathlonValleyfield,DUATHLONSPRINT
TriathlonValleyfield,TRIATHLOND3COUVERTE
TriathlonValleyfield,TRIATHLONOLYMPIQUE
TriathlonValleyfield,TRIATHLONSPRINT
TriathlonVerdun,DUATHLON
TriathlonVerdun,DUATHLONSPRINT
TriathlonVerdun,MINITRIATHLON
TriathlonVerdun,TRIATHLONSPRINT
TriathlonVictoriaville,COURSE5KM
TriathlonVictoriaville,DUATHLONSPRINT
TriathlonVictoriaville,TRIATHLONOLYMPIQUE
TriathlonVictoriaville,TRIATHLONSPRINT
Triathlond'hiverITU,GROUPESD'AGES
Triathlond'hiverSaint-Donat,10KM
Triathlond'hiverSaint-Donat,TRIATHLONFORMATCLASSIQUE
Triathlond'hiverSaint-Donat,TRIATHLONFORMATITU
TriathlondeCharlevoix,DUATHLONOLYMPIQUE
TriathlondeCharlevoix,TRIATHLONOLYMPIQUE
TriathlondeCharlevoix,TRIATHLONSPRINT
TriathlondeGatineau,5KM
TriathlondeGatineau,AGDUATHLONSPRINT
TriathlondeGatineau,AGETCFTRIATHLONSPRINT
TriathlondeGatineau,AGSPRINTDUATHLON
TriathlondeGatineau,DUATHLONOLYMPIQUE
TriathlondeGatineau,DUATHLONSPRINT
TriathlondeGatineau,QCDUATHLONOLYMPIQUE
TriathlondeGatineau,QCETCFNCTRIATHLONOLYMPIQUE
TriathlondeGatineau,TRI-NEO
TriathlondeGatineau,TRIATHLONOLYMPIQUE
TriathlondeGatineau,TRIATHLONSPRINT
TriathlondeGatineau,TRIATHLONSPRINT-COUPEDUQUÉBECETFORCESCANADIENNES
TriathlondeGatineau,TRIATHLONSPRINTOUVERT
TriathlondeJoliette,COUPEDUQUEBECDUATHLONSPRINT
TriathlondeJoliette,COUPEDUQUEBECTRIATHLONSPRINTELITE
TriathlondeJoliette,COUPEDUQUEBECTRIATHLONSPRINTRIVIERE
TriathlondeJoliette,SPRINTTRIATHLON
TriathlondeQuebec,TRIATHLONSPRINT
TriathlondeQuébec,TRIATHLONSPRINT
TriathlondeSaguenay,DUATHLONOLYMPIQUE
TriathlondeSaguenay,DUATHLONSPRINT
TriathlondeSaguenay,TRIATHLONOLYMPIQUE
TriathlondeSaguenay,TRIATHLONSPRINT
TriathlondeTerrebonne,DUATHLONSPRINT
TriathlondeTerrebonne,TRIATHLONSPRINT
TriathlondeVald'Or,TRIATHLONOLYMPIQUE
TriathlondeValleyfield,COURE10KM
TriathlondeValleyfield,COURSE10KM
TriathlondeValleyfield,COURSEAPIED-10KM
TriathlondeValleyfield,DUATHLONOLYMPIQUE
TriathlondeValleyfield,DUATHLONSPRINT
TriathlondeValleyfield,TRIATHLONINITIATION
TriathlondeValleyfield,TRIATHLONOLYMPIQUE
TriathlondeValleyfield,TRIATHLONSPRINT
TriathlondeVerdun,DEFISUPERSPRINT
TriathlondeVerdun,DUATHLONSPRINT
TriathlondeVerdun,DUATHLONSPRINTCHAMPIONNATPROVINCIAL
TriathlondeVerdun,TRIATHLONINITIATION
TriathlondeVerdun,TRIATHLONSPRINT
TriathlondeVerdun,TRIATHLONSPRINT-COUPEDUQUÉBEC
TriathlondeVerdun,TRIATHLONSPRINT-GRANDPRIX
TriathlondeVerdun,TRIATHLONSPRINT-GRANDPRIXCHAMPIONNATPROVINCIAL
TriathlondeVerdun,TRIATHLONSPRINT-OUVERT
TriathlonduFjord,DUATHLONOLYMPIQUE
TriathlonduFjord,TRIATHLONOLYMPIQUE
TriathlonduLac-Delage,DUATHLONSPRINT
TriathlonduLac-Delage,TRIATHLONSPRINT
TrimemphréMagog,TRIATHLON1/2LONGUEDISTANCE
TrimemphréMagog,TRIATHLONDEMILONGUEDISTANCECHAMPIONNATPROVINCIAL
TrimemphréMagog,TRIATHLONOLYMPIQUE
TrimemphréMagog,TRIATHLONSPRINT
TupperLakeTinmanTriathlon,SPRINTTRIATHLON
TupperLakeTinmanTriathlon,TINMANTRIATHLON
Ultra-TrailHarricanadeCharlevoix,10KM
Ultra-TrailHarricanadeCharlevoix,28KM
Ultra-TrailHarricanadeCharlevoix,65KM
Ultra-TrailHarricanaduCanada(UTHC),125KM
Ultra-TrailHarricanaduCanada(UTHC),28KM
Ultra-TrailHarricanaduCanada(UTHC),65KM
Ultra-TrailHarricanaduCanada(UTHC),UTHC10
Ultra-TrailHarricanaduCanada(UTHC),UTHC125
Ultra-TrailHarricanaduCanada(UTHC),UTHC28
Ultra-TrailHarricanaduCanada(UTHC),UTHC65
Ultra-TrailHarricanaduCanada(UTHC),UTHC80
Unpasversl'espoir,10KM
Unpasversl'espoir,5KM
VancouverSunRun,10KM
VertLeRaid-XTERRAQuebec,TRAILRUN10KM
VertLeRaid-XTERRAQuebec,XTERRALONG
VertleRaid-Demi-Marathondel'Isle-aux-Coudres,10KM
VertleRaid-Demi-Marathondel'Isle-aux-Coudres,10KMOCEAN
VertleRaid-Demi-Marathondel'Isle-aux-Coudres,23.5KMTHENORTHFACE
VertleRaid-Demi-Marathondel'Isle-aux-Coudres,23KM
VertleRaid-Demi-Marathondel'Isle-aux-Coudres,23KMTRAVERSEL'ISLE-AUX-COUDRESSAINT-JOSEPH-DE-LA-RIVE
VertleRaid-Demi-Marathondel'Isle-aux-Coudres,5KM
VertleRaid-LeSentierUrbain,10KM
VertleRaid-LeSentierUrbain,5KM
VertleRaid-QuebecMegaTrail,10KM
VertleRaid-QuebecMegaTrail,10KMMICROBRASSERIEDESBEAUXPRES
VertleRaid-QuebecMegaTrail,25KM
VertleRaid-QuebecMegaTrail,25KMSKYRACE®
VertleRaid-QuebecMegaTrail,42KMSOLO
VertleRaid-QuebecMegaTrail,5KM
VertleRaid-QuebecMegaTrail,6KM
VertleRaid-QuébecMégaTrail,10KMMICROBRASSERIEDESBEAUXPRÉS
VertleRaid-QuébecMégaTrail,25KM
VertleRaid-QuébecMégaTrail,25KMLAVIESPORTIVE
VertleRaid-QuébecMégaTrail,48KMSKYRACE
VertleRaid-QuébecMégaTrail,50KM
VertleRaid-QuébecMégaTrail,6KMCHÂTEAUMONT-SAINTE-ANNE
VertleRaid-RaidBras-du-Nord,47KM
VertleRaid-TRAILLaCliniqueDuCoureur,10KM
VertleRaid-TRAILLaCliniqueDuCoureur,30KM
VertleRaid-TRAILLaCliniqueDuCoureur,5KM
VertleRaid-TraildelaNuitPolaire,10KM
VertleRaid-TraildelaNuitPolaire,15KM
VertleRaid-TraildelaNuitpolaire,4.5KM
VertleRaid-TraildelaNuitpolaire,9KM
VertleRaid-XCdelaVallee,10KM
VertleRaid-XCdelaVallee,10KMDENUIT
VertleRaid-XCdelaVallee,10KMDENUITVIZIBL
VertleRaid-XCdelaVallee,21KM
VertleRaid-XCdelaVallee,35KM
VertleRaid-XCdelaVallee,TRANS-EXPRESS
VertleRaid-XCdelaVallee,TRANS-VALLEE
VertleRaid-XCdelaVallee,TRANSEXPRESS
VertleRaid-XCdelaVallee,TRANSVALLEE
WakefieldCoveredBridgeRun,10KM
WakefieldCoveredBridgeRun,10KMRUN/WALK
WakefieldCoveredBridgeRun,20KMTRAILRUN
WakefieldCoveredBridgeRun,21.1KMTRAILRUN
WakefieldCoveredBridgeRun,21KMTRAILRUN
WakefieldMoonlightRiverRun,10K
WakefieldMoonlightRiverRun,10KM
WakefieldMoonlightRiverRun,5K
WakefieldMoonlightRiverRun,5KMRUN/WALK
WasagaBeachTriathlon,SPRINTTRIATHLON
WellingtonWomen'sHalfMarathonandHalfaHalf,HALFMARATHON
WellnessChallenge,5KM
WinterludeTriathlon,WINTERLUDETRIATHLON
WinterludeTriathlonBaldeNeige,TRIATHLON
WintermanMarathonandMarathonRelays,10K(HALFMARATHONERS)
WintermanMarathonandMarathonRelays,10K(MARATHONERS)
WintermanMarathonandMarathonRelays,10KM
WintermanMarathonandMarathonRelays,HALFMARATHON
WintermanMarathonandMarathonRelays,MARATHON
YMCAHalfMarathon,HALF-MARATHON
YMCAofPeterboroughHalf-marathonand5km,HALFMARATHON
triathlonduSaguenay,TRIATHLONOLYMPIQUE
triathlonduSaguenay,TRIATHLONSPRINT
ÀVOTRERYTHME!,10KM
ÀVOTRERYTHME!,15KM
ÀVOTRERYTHME!,5KM
