2012-01-23,CruisetoRun,5KM
2012-01-27,CruisetoRunBarbados5k,5KM
2012-01-28,LeNorvegien-CoupedesMaitresJour1,JOUR1-20KMCLASSIQUE
2012-01-29,LeNorvegien-CoupedesmaitresJour2,JOUR2-22KMPATIN/STYLELIBRE
2012-01-29,LeNorvegien-CoupedesmaitresJour2,COUPEDESMAITRES-POURSUITEFINALE
2012-02-04,WinterludeTriathlonBaldeNeige,TRIATHLON
2012-02-18,DemiMarathonHypothermique,DEMIMARATHON
2012-02-18,DemiMarathonHypothermique,DEMIMARATHONMARCHE
2012-02-18,GatineauLoppet-Keskinada,16KMCLASSIQUE
2012-02-18,GatineauLoppet-Keskinada,31CLASSIQUE
2012-02-19,DéfiHivernalIleBizard,5KM
2012-02-19,DéfiHivernalIleBizard,10KM
2012-02-19,DéfiHivernalIleBizard,1.65KM
2012-02-19,GatineauLoppet-Keskinada,10KMPATIN/SKATE
2012-02-19,GatineauLoppet-Keskinada,31KMPATIN/SKATE
2012-02-19,WintermanMarathonandMarathonRelays,10KM
2012-02-19,WintermanMarathonandMarathonRelays,MARATHON
2012-02-19,WintermanMarathonandMarathonRelays,HALFMARATHON
2012-02-26,Morin-HeightsVikingLoppet,JANNORDSTROM10KMCLASSIQUE
2012-02-26,Morin-HeightsVikingLoppet,SMITH-JOHANNSEN33KMCLASSIQUE
2012-02-26,Morin-HeightsVikingLoppet,JACKWAHLBERG20KMCLASSIQUE
2012-02-26,Morin-HeightsVikingLoppet,5KMRAQUETTE
2012-03-04,ChillyHalfMarathon&Frosty5km,HALFMARATHON
2012-03-17,TourduMont-Valin,12KMRAQUETTE
2012-03-17,TourduMont-Valin,45KMSTYLELIBRE
2012-03-18,AchillesSt.Patrick'sDay5kmRun/Walk,5KMRUN
2012-03-25,AroundtheBayRoadRaces,30KM
2012-03-25,CourseetmarchepopulairesdeLaSalle,5KM
2012-03-25,CourseetmarchepopulairesdeLaSalle,10KM
2012-03-25,CourseetmarchepopulairesdeLaSalle,2KM
2012-04-01,IronmanLonestar70.3,OVERALL
2012-04-07,Harry'sSpringRunOff,5KM
2012-04-07,Harry'sSpringRunOff,8KM
2012-04-15,RunforRetina,SISKINDSHALFMARATHONRUN
2012-04-15,VancouverSunRun,10KM
2012-04-22,CourseSaint-Laurent,5KM
2012-04-22,CourseSaint-Laurent,10KM
2012-04-22,CourseSaint-Laurent,2KM
2012-04-22,OttawaPhysioRace,10KM
2012-04-22,SmithFallsSpringFlingRunningThing,HALFMARATHON
2012-04-22,TorontoYongeStreet10K,10KM
2012-04-28,"RuntoendMSHalf-Marathon,5kmand10km",5KM
2012-04-28,"RuntoendMSHalf-Marathon,5kmand10km",HALFMARATHON
2012-04-28,"RuntoendMSHalf-Marathon,5kmand10km",10KM
2012-04-29,BanqueScotia21kmet5km,"21,1KM"
2012-04-29,BanqueScotia21kmet5km,5KM
2012-04-29,CoursePrintaniereOka,10KM
2012-04-29,CoursePrintaniereOka,"21,1KM"
2012-04-29,CoursePrintaniereOka,5KM
2012-05-05,MississaugaMarathonRaces,10KM
2012-05-05,NorthFaceEnduranceChallenge-NortheastRegional,50MILES
2012-05-05,WakefieldCoveredBridgeRun,20KMTRAILRUN
2012-05-05,WakefieldCoveredBridgeRun,10KMRUN/WALK
2012-05-06,BMOVancouverMarathon,HALF-MARATHON
2012-05-06,BMOVancouverMarathon,MARATHON
2012-05-06,CourseduFortdeChambly,5KM
2012-05-06,CourseduFortdeChambly,10KM
2012-05-06,DemiMarathonInternationaldeQuebec,DEMIMARATHON
2012-05-06,DemiMarathonInternationaldeQuebec,10KM
2012-05-06,DéficourseetmarcheDesjardinsSainteThérèse,10KM
2012-05-06,DéficourseetmarcheDesjardinsSainteThérèse,5KM
2012-05-06,DéficourseetmarcheDesjardinsSainteThérèse,2KM
2012-05-06,"GoodlifeTorontoMarathon,HalfMarathon,and5k",MARATHON
2012-05-06,"GoodlifeTorontoMarathon,HalfMarathon,and5k",HALFMARATHON
2012-05-06,MississaugaMarathonRaces,MARATHON
2012-05-06,MississaugaMarathonRaces,HALFMARATHON
2012-05-12,CoursedelaFondationhopitalSaintJerome,"21,1KM"
2012-05-12,CoursedelaFondationhopitalSaintJerome,10KM
2012-05-12,CoursedelaFondationhopitalSaintJerome,5KM
2012-05-12,LeChallengeIRCM-Courirpourlavie,5KM
2012-05-13,AurythmedenosfouléesChâteauguay,DEMI-MARATHON
2012-05-13,AurythmedenosfouléesChâteauguay,10KM
2012-05-13,AurythmedenosfouléesChâteauguay,5KM
2012-05-13,BonjourPrintemps,21KM
2012-05-13,DefiGerardCotedeSt-Hyacinthe,15KM
2012-05-13,DefiGerardCotedeSt-Hyacinthe,5KM
2012-05-13,SportingLife10K,10KM
2012-05-19,ColonelByClassic,8KM
2012-05-19,OttawaEarlyBirdTriathlonandDuathlon,LONGTRIATHLON
2012-05-19,OttawaEarlyBirdTriathlonandDuathlon,SPRINTTRIATHLON
2012-05-19,OttawaEarlyBirdTriathlonandDuathlon,SUPERSPRINTTRIATHLON
2012-05-20,CoupeDix302012,5KM
2012-05-20,CoupeDix302012,10KM
2012-05-20,DesChenesToi,10KM
2012-05-20,DesChenesToi,5KM
2012-05-20,DesChenesToi,1KM
2012-05-20,DuathlonSorel-Tracy,DUATHLONCOMPETITION
2012-05-20,GrandPrixCyclistedeGatineau,MEDIOFONDO
2012-05-20,IronmanFlorida70.3,OVERALLRESULTS
2012-05-20,LeTourdelaPointe,10KM
2012-05-20,LeTourdelaPointe,5KM
2012-05-20,ScotiabankBlueNoseMarathon,HALFMARATHON
2012-05-20,ScotiabankBlueNoseMarathon,5KM
2012-05-26,DefiMemphre,10KM
2012-05-26,DefiMemphre,5KM
2012-05-26,DefiPhysioExtradeTerrebonne,10KM
2012-05-26,DefiPhysioExtradeTerrebonne,5KM
2012-05-26,DemiMarathonGenerations,DEMIMARATHON
2012-05-26,DemiMarathonGenerations,10KMCOURSE
2012-05-26,DemiMarathonGenerations,5KM
2012-05-26,OttawaRaceWeekend,10KM
2012-05-26,OttawaRaceWeekend,5KM
2012-05-26,OttawaRaceWeekend,2KM
2012-05-27,DefiBarefootMerrell,10KM
2012-05-27,OttawaRaceWeekend,HALFMARATHON
2012-05-27,OttawaRaceWeekend,MARATHON
2012-05-27,SaskatchewanMarathon,HALFMARATHON
2012-05-27,TorontoWomen'sHalfMarathon&5K,HALFMARATHON
2012-05-27,TriathlonDuathlond'Oka,TRIATHLON
2012-06-02,Coursedesiles,21KM
2012-06-02,Coursedesiles,5KM
2012-06-02,Coursedesiles,10KM
2012-06-02,Coursedesiles,5KMMARCHE
2012-06-02,WellingtonWomen'sHalfMarathonandHalfaHalf,HALFMARATHON
2012-06-03,BeatBeethoven8KmRun,8KM
2012-06-03,BreadandHoneyRaces,15KM
2012-06-03,DefidesEscaliers,GRIMPEURS
2012-06-03,DefidesEscaliers,19KM
2012-06-03,DefidesEscaliers,SPRINTEURS
2012-06-03,DefidesEscaliers,13KM
2012-06-03,DéfiTri-O-Lacs,10KM
2012-06-03,DéfiTri-O-Lacs,2KM
2012-06-03,DéfiTri-O-Lacs,5KM
2012-06-03,Ironman70.3Mooseman,OVERALL
2012-06-03,TriathlondeJoliette,SPRINTTRIATHLON
2012-06-09,BarrhavenRunforRoger'sHouse,10K
2012-06-09,FootstockRaceWeekend,DUATHLON
2012-06-09,OttawaRiverTriathlon&Duathlon,SPRINTTRIATHLON
2012-06-09,Triathlon/DuathlonMont-Tremblant,TRIATHLONSPRINT
2012-06-09,Triathlon/DuathlonMont-Tremblant,TRIATHLONOLYMPIQUE
2012-06-09,Triathlon/DuathlonMont-Tremblant,DUATHLONSPRINT
2012-06-09,Triathlon/DuathlonMont-Tremblant,DUATHLONOLYMPIQUE
2012-06-10,DemimarathondespompiersdeShawinigan,21KM
2012-06-10,DemimarathondespompiersdeShawinigan,5KM
2012-06-10,DemimarathondespompiersdeShawinigan,10KM
2012-06-10,LaGrandeVireedesSentiersSt-Bruno,10KM
2012-06-10,LaGrandeVireedesSentiersSt-Bruno,20KM
2012-06-10,LaGrandeVireedesSentiersSt-Bruno,5KM
2012-06-10,LaGrandeVireedesSentiersSt-Bruno,1KMU6
2012-06-10,RunWalk4PatrickFamilyFest,HALFMARATHON
2012-06-10,RunWalk4PatrickFamilyFest,10KM
2012-06-16,SubaruGuelphLakeISprintTriathlon&Duathlon,SPRINTDUATHLON
2012-06-16,SubaruGuelphLakeISprintTriathlon&Duathlon,TRYATRI
2012-06-16,TourduLacBrome,"22,2KMCHEMINDECAMPAGNE"
2012-06-16,TourduLacBrome,9KMTRAIL
2012-06-16,TourduLacBrome,5KMROUTE
2012-06-16,TriathlonDrummondville,TRIATHLONSPRINT
2012-06-16,TriathlonDrummondville,TRIATHLONOLYMPIQUE
2012-06-16,TriathlonDrummondville,DUATHLON
2012-06-16,TriathlonLacBeauport,TRIATHLON
2012-06-16,TriathlonLacBeauport,DUATHLON
2012-06-17,DescenteRoyale,10KM
2012-06-17,DescenteRoyale,5KM
2012-06-17,ManitobaMarathon,MARATHON
2012-06-17,ManitobaMarathon,HALFMARATHON
2012-06-17,SubaruGuelphLakeITriathlon&Duathlon,OLYMPICTRIATHLON
2012-06-17,TourduLacBrome,20KMROUTE
2012-06-17,TourduLacBrome,CHALLENGEMARATHON
2012-06-17,TourduLacBrome,10KMROUTE
2012-06-23,LeDefiBeauceron,5KM
2012-06-23,LeDefiBeauceron,7KMMARCHE
2012-06-23,LeDefiBeauceron,10KM
2012-06-23,MultiSportCanadaTriathlonSeriesWellandTri/Du&Give-It-A-Tri,GIVE-IT-A-TRI
2012-06-23,TorontoPearsonRunwayRun,5K
2012-06-24,CoupeDix302012,5KM
2012-06-24,CoupeDix302012,10KM
2012-06-24,IronmanMont-Tremblant70.3,OVERALL70.3
2012-06-24,MultiSportCanadaTriathlonSeriesWellandTri/Du&Give-It-A-Tri,HALFIRONDISTANCETRIATHLON
2012-06-24,ScotiabankVancouverHalfMarathon&5k,HALFMARATHON
2012-06-24,SmithsFallsClassicTriathlon/Duathlon&Relay,SPRINTTRIATHLON
2012-06-30,DemiMarathondeSherbrooke,DEMIMARATHON
2012-06-30,DemiMarathondeSherbrooke,10KM
2012-06-30,DemiMarathondeSherbrooke,5KM
2012-06-30,PrideandRemembranceRun,5KM
2012-06-30,TriathlonAcademieSte-Therese/VilledeBlainville,TRIATHLON-SPRINT
2012-06-30,TriathlonAcademieSte-Therese/VilledeBlainville,TRIATHLONINITIATION-10-99ANS
2012-06-30,TupperLakeTinmanTriathlon,TINMANTRIATHLON
2012-07-01,Bushtukah-CanadaDayRoadRaces,5KM
2012-07-01,CanadaDay5K,CANADADAY5K
2012-07-07,MikeCollingwoodMeechLakeTriathlon,TRIATHLON
2012-07-07,TriathlondeGatineau,TRIATHLONSPRINT
2012-07-07,TriathlondeGatineau,TRIATHLONOLYMPIQUE
2012-07-07,TriathlondeGatineau,TRI-NEO
2012-07-07,TriathlondeGatineau,DUATHLONSPRINT
2012-07-07,TriathlondeSaguenay,DUATHLONSPRINT
2012-07-07,TriathlondeSaguenay,TRIATHLONOLYMPIQUE
2012-07-07,TriathlondeSaguenay,TRIATHLONSPRINT
2012-07-08,CoupeDix302012,10KM
2012-07-08,CoupeDix302012,5KM
2012-07-08,Cyclo-Orford,100KM
2012-07-08,Cyclo-Orford,50KM
2012-07-08,Ironman70.3RhodeIsland,OVERALLRESULTS
2012-07-14,BushtukahBringontheBay3KOpenWaterSwimforEasterSeals,3KM
2012-07-14,Demi-MarathonMarcelJobin,21KM
2012-07-14,Demi-MarathonMarcelJobin,5KM
2012-07-14,TriathlonSt-Lambert,TRIATHLONSPRINT
2012-07-14,TriathlonSt-Lambert,DUATHLON
2012-07-14,TriathlonSt-Lambert,TRIATHLONINITIATION
2012-07-15,DefidesDamesdeCoeur,10KM
2012-07-15,TheFriendlyMasseyMarathon,MARATHON
2012-07-15,TriathlonO2deSherbrooke,TRIATHLONOLYMPIQUE
2012-07-15,TriathlonO2deSherbrooke,TRIATHLONO2
2012-07-15,TriathlondeQuebec,TRIATHLONSPRINT
2012-07-19,DowntownDash,10KM
2012-07-22,CoupeDix302012,5KM
2012-07-22,CoupeDix302012,10KM
2012-07-22,IronmanLakePlacid,OVERALL
2012-07-22,LindsayMilkRun,10KM
2012-07-22,SubaruMuskokaTriathlonandDuathlon,5150TRIATHLON
2012-07-22,TriathlonTrimemphredeMagog,TRIATHLONOLYMPIQUE
2012-07-22,TriathlonTrimemphredeMagog,TRIATHLONLONGUEDISTANCE
2012-07-22,TriathlonTrimemphredeMagog,TRIATHLONSPRINT
2012-07-22,TriathlonTrimemphredeMagog,DUATHLONOLYMPIQUE
2012-07-22,TriathlonTrimemphredeMagog,NAGEVELOINITIATION
2012-07-28,MultiSportCanadaTriathlonSeriesCobourg,OLYMPICDISTANCETRIATHLON
2012-08-04,NationalCapital5and10kmRun,5KM
2012-08-04,NationalCapitalTriathlonDuathlonandRelays,SUPERSPRINTTRIATHLON
2012-08-05,DeepRiverTriathlon,TRIATHLON
2012-08-05,DéfiBoréalSainte-Anne-de-Bellevue,20KM
2012-08-05,DéfiBoréalSainte-Anne-de-Bellevue,10KM
2012-08-05,DéfiBoréalSainte-Anne-de-Bellevue,2KM
2012-08-05,DéfiBoréalSainte-Anne-de-Bellevue,5KM
2012-08-05,K-TownTriathlonandDuathlon,SHORTCOURSEDUATHLON
2012-08-05,TriathlonSte-Agathe,TRIATHLON
2012-08-05,TriathlonSte-Agathe,1KMNATATION
2012-08-05,TriathlonSte-Agathe,DUATHLON
2012-08-05,TriathlonTerrebonne,DUATHLON
2012-08-05,TriathlonTerrebonne,TRIATHLONSPRINT
2012-08-11,IronmanU.S.Championships,OVERALLRESULTS
2012-08-11,TriathlonPromutuelduFjord,TRIATHLONSPRINT
2012-08-11,TriathlonPromutuelduFjord,DUATHLONSPRINT
2012-08-11,TriathlonPromutuelduFjord,TRIATHLONOLYMPIQUE
2012-08-12,Demi-MarathonduMont-Tremblant,DEMI-MARATHON
2012-08-12,Demi-MarathonduMont-Tremblant,10KM
2012-08-12,GranfondoGarneau-Cascades,110KM
2012-08-12,GreatRaisinRiverFootrace,11KM
2012-08-12,TorontoInternationalTenMilerand5K,10MILES
2012-08-12,TriathlondeVerdun,TRIATHLONSPRINT
2012-08-12,TriathlondeVerdun,DEFISUPERSPRINT
2012-08-12,TriathlondeVerdun,DUATHLONSPRINT
2012-08-12,TriathlondeVerdun,TRIATHLONINITIATION
2012-08-15,Le5kmEndurance,5KM
2012-08-15,Le5kmEndurance,2KM
2012-08-18,AMidSummerNightsRun,30KMRACE
2012-08-18,AMidSummerNightsRun,15KMRUN
2012-08-19,AppleTriathlon,OLYMPIC
2012-08-19,CoupeDix302012,5KM
2012-08-19,CoupeDix302012,10KM
2012-08-19,EdmontonMarathon,MARATHON
2012-08-19,Ironman70.3Timberman,70.3RESULTS
2012-08-19,IronmanMont-Tremblant,OVERALL
2012-08-25,TorontoWomens10K&5K,10KM
2012-08-26,IronmanCanada,OVERALL
2012-08-26,IronmanLouisville,OVERALLRESULTS
2012-08-26,MarathondesDeuxRivesLévis-Québec,DEMI-MARATHON
2012-08-26,MarathondesDeuxRivesLévis-Québec,MARATHON
2012-08-26,MarathondesDeuxRivesLévis-Québec,10KM
2012-08-26,TriathlondeValleyfield,TRIATHLONOLYMPIQUE
2012-08-26,TriathlondeValleyfield,COURSE10KM
2012-08-26,TriathlondeValleyfield,DUATHLONSPRINT
2012-08-26,TriathlondeValleyfield,TRIATHLONSPRINT
2012-08-26,TriathlondeValleyfield,TRIATHLONINITIATION
2012-09-01,CanadianIron226TriathlonDuathlonandRelays,THECANADIANIRON113TRIATHLON
2012-09-01,CanadianIron226TriathlonDuathlonandRelays,THECANADIANIRON226TRIATHLON
2012-09-01,CanadianIron226TriathlonDuathlonandRelays,THECANADIANOLYMPICTRIATHLON
2012-09-01,CanadianIron226TriathlonDuathlonandRelays,THECANADIANSPRINTTRIATHLON
2012-09-01,SubaruGuelphLakeIITriathlonandDuathlon,TRYATRI
2012-09-01,TheCanadianMarathonHalfMarathon8kmand3kmRuns,THECANADIANEVENINGHALF-MARATHON
2012-09-08,KemptvilleRaceDay,10KMRUN
2012-09-08,RBCGranFondoCanadaWhistler,GRANFONDO-122KM
2012-09-08,TriathlonEspritdeMontreal,TRIATHLONOLYMPIQUE
2012-09-08,TriathlonEspritdeMontreal,TRIATHLONSPRINT
2012-09-08,TriathlonEspritdeMontreal,DUATHLONOLYMPIQUE
2012-09-08,TriathlonEspritdeMontreal,TRIATHLONDEMI-ESPRIT
2012-09-09,CanmoreRockyMountainHalfMarathon,HALFMARATHON
2012-09-09,Demi-MarathonGranby,DEMIMARATHON
2012-09-09,Demi-MarathonGranby,10KMCOURSE
2012-09-09,Demi-MarathonGranby,5KM
2012-09-09,IronmanMuskoka70.3,OVERALLRESULTS
2012-09-09,IronmanWorldChampionship70.3,OVERALL
2012-09-09,QueenCityMarathon,MARATHON
2012-09-15,DuathlonSt-Sauveur,DUATHLON
2012-09-16,LaGrandeVadrouille,10KM
2012-09-16,LaGrandeVadrouille,5KM
2012-09-16,LaGrandeVadrouille,2KM
2012-09-22,DefiVeloMag,105KM
2012-09-22,DefiVeloMag,60KM
2012-09-22,OasisZooRun10kRun5kRun,10KM
2012-09-23,ArmyRun/CoursedelArmee,HALFMARATHON
2012-09-23,ArmyRun/CoursedelArmee,5K
2012-09-23,DefiVeloMag,21KM
2012-09-23,DefiVeloMag,TRIATHLON105-40-10
2012-09-23,DefiVeloMag,10KM
2012-09-23,DefiVeloMag,40KMVELODEMONTAGNE
2012-09-23,DefiVeloMag,TRIATHLON60-40-5
2012-09-23,IslandGirlHalfMarathon,HALFMARATHON
2012-09-23,Marathon Oasis de Montreal,Marathon
2012-09-23,Marathon Oasis de Montreal,5 km Sports Experts
2012-09-23,Marathon Oasis de Montreal,Demi-Marathon
2012-09-23,Marathon Oasis de Montreal,10 km
2012-09-23,MarathonOasisdeMontreal,MARATHON
2012-09-23,MarathonOasisdeMontreal,DEMI-MARATHON
2012-09-23,MarathonOasisdeMontreal,10KM
2012-09-23,MarathonOasisdeMontreal,5KMSPORTSEXPERTS
2012-09-23,MarathonOasisdeMontreal,1KMPTITMARATHON
2012-09-23,TheRunforGrapes1/2Marathon&amp;5kmRun,HALFMARATHON
2012-09-29,WakefieldMoonlightRiverRun,5K
2012-09-29,WakefieldMoonlightRiverRun,10K
2012-09-30,Ironman70.3PoconoMountains,OVERALLRESULTS
2012-09-30,MarathondeRimouski,"21,1KM"
2012-09-30,MarathondeRimouski,"4,2KM"
2012-09-30,MarathondeRimouski,10KM
2012-09-30,SouthOttawaRaceDayHalfMarathon,HALFMARATHON
2012-09-30,SurreyInternationalMusicMarathon,HALFMARATHON
2012-10-06,Dr.KimArmtrongTurkeyTrot,5KM
2012-10-07,BMOOkanaganMarathon,MARATHON
2012-10-07,DemimarathondescouleursdeBecancour,5KM
2012-10-07,DemimarathondescouleursdeBecancour,10KM
2012-10-07,DemimarathondescouleursdeBecancour,DEMIMARATHON
2012-10-07,GoodLifeFitnessVictoriaMarathon,MARATHON
2012-10-07,LaPetiteDerniere,5.5KM
2012-10-07,LaPetiteDerniere,11KM
2012-10-07,LeCrossDesCouleurs,11KM
2012-10-07,LeCrossDesCouleurs,8KM
2012-10-07,LeCrossDesCouleurs,4K
2012-10-07,LeCrossDesCouleurs,2KM
2012-10-07,OttawaFallColoursMarathonEvents,5KM
2012-10-07,OttawaFallColoursMarathonEvents,MARATHON
2012-10-07,OttawaFallColoursMarathonEvents,10KM
2012-10-07,OttawaFallColoursMarathonEvents,HALFMARATHON
2012-10-14,ClassiqueDuParcLaFontaine,10KM
2012-10-14,ClassiqueDuParcLaFontaine,5KM
2012-10-14,ClassiqueDuParcLaFontaine,2KM
2012-10-14,DefiduTourduLacBeauport,18KM
2012-10-14,DefiduTourduLacBeauport,6KM
2012-10-14,DefiduTourduLacBeauport,6KM-COURSEPOUSSETTE
2012-10-14,DefiduTourduLacBeauport,12KM
2012-10-14,NikeWomen'sMarathon,MARATHON
2012-10-14,ScotiabankTorontoWaterfrontMarathon,HALFMARATHON
2012-10-14,ScotiabankTorontoWaterfrontMarathon,MARATHON
2012-10-14,TheCountyMarathon,HALFMARATHON
2012-10-14,TheCountyMarathon,MARATHON
2012-10-20,9RunRun,HALFMARATHON
2012-10-20,Cross-CountrySaint-LaurentSelect,5KM
2012-10-20,Cross-CountrySaint-LaurentSelect,2KM
2012-10-21,NiagaraFallsInternationalMarathon,HALFMARATHON
2012-10-21,NiagaraFallsInternationalMarathon,MARATHON
2012-10-27,OttawaBeatBeethoven,8KM
2012-10-27,OttawaBeatBeethoven,HALFMARATHON
2012-10-28,Ironman70.3Miami,OVERALLRESULTS
2012-10-28,RattlemeBones5and10km,FUNNYBONERUN5K
2012-10-28,RattlemeBones5and10km,WISHBONERACE10K
2012-11-03,HeatherSaaltinkMemorialRun,10KMRUN
2012-11-03,HeatherSaaltinkMemorialRun,5KMRUN
2012-11-04,OkaRoadRace,10KCOURSE
2012-11-04,OkaRoadRace,DEMI-MARATHON
2012-11-04,OkaRoadRace,5KCOURSE
2012-11-04,OkaRoadRace,1KCOURSE
2012-11-18,FatAssTrailRun,17.5KM
2012-12-02,CaymanIslandsMarathon,MARATHON
2012-12-02,RiRaSanta5K,5KMRUN/WALK
2012-12-09,HonoluluMarathon,MARATHON
2013-01-28,CruisetoRun,5KM
2013-02-01,CruisetoRun,BARBADOS5KM
2013-02-02,WinterludeTriathlonBaldeNeige,TRIATHLON
2013-02-16,GatineauLoppet,20KMCLASSIQUE
2013-02-16,GatineauLoppet,55KMCLASSIQUE
2013-02-17,DemiMarathonHypothermique,DEMI-MARATHON
2013-02-17,DéfiHivernalIleBizard,10KM
2013-02-17,DéfiHivernalIleBizard,5KM
2013-02-17,DéfiHivernalIleBizard,2KM
2013-02-17,GatineauLoppet,51KMPATIN/SKATE
2013-02-17,GatineauLoppet,27KMPATIN/SKATE
2013-02-17,WintermanMarathonandMarathonRelays,HALFMARATHON
2013-02-17,WintermanMarathonandMarathonRelays,MARATHON
2013-02-24,Morin-HeightsVikingLoppet,JACKWAHLBERG20KMCLASSIQUE
2013-02-24,Morin-HeightsVikingLoppet,SMITH-JOHANNSEN33KMCLASSIQUE
2013-02-24,Morin-HeightsVikingLoppet,JANNORDSTROM10KMCLASSIQUE
2013-02-24,YMCAofPeterboroughHalf-marathonand5km,HALFMARATHON
2013-03-02,DefiNordique,40KMCLASSIQUE
2013-03-02,DefiNordique,DEFI50KMCOMBINEE
2013-03-02,DefiNordique,25KMCLASSIQUE
2013-03-02,Pentathlondesneiges,DEFICOURTEDISTANCE-SOLO
2013-03-03,ChillyHalfMarathon&Frosty5km,HALFMARATHONRUN
2013-03-03,DefiNordique,TRIATHLONNORDIQUEINDIVIDUEL
2013-03-03,Pentathlondesneiges,DEFILONGUEDISTANCE-SOLO
2013-03-10,OkaSkiMarathon,42KMSTYLELIBRE
2013-03-16,TourduMont-Valin,45KMCLASSIQUE
2013-03-16,TourduMont-Valin,45KMSTYLELIBRE
2013-03-17,Ironman70.3SanJuan,OVERALLRESULTS
2013-03-24,AroundtheBayRoadRaces,30KM
2013-03-24,CourseetmarchepopulairesdeLaSalle,10KM
2013-03-24,CourseetmarchepopulairesdeLaSalle,5KM
2013-03-24,CourseetmarchepopulairesdeLaSalle,2KM
2013-03-30,Ironman70.3CaliforniaOceanside,OVERALLRESULTS
2013-04-06,Harry'sSpringRunOff,8KM
2013-04-06,Harry'sSpringRunOff,5KM
2013-04-07,Ironman70.3Texas,OVERALL
2013-04-14,CourseSaint-Laurent,10KM
2013-04-14,CourseSaint-Laurent,5KM
2013-04-14,CourseSaint-Laurent,2KM
2013-04-14,RunforRetina,10KM
2013-04-21,CoursePrintaniereOka,"21,1KMCOURSE"
2013-04-21,CoursePrintaniereOka,10KMCOURSE
2013-04-21,Mercedes-Benz10K,10K
2013-04-21,TorontoYongeStreet10K,10KMRUN
2013-04-21,VancouverSunRun,10KM
2013-04-27,"RuntoendMSHalf-Marathon,5kmand10km",HALFMARATHON
2013-04-28,BanqueScotia21kmet5km,21KM
2013-04-28,BanqueScotia21kmet5km,5KM
2013-04-28,CourseduCegepTrois-Rivieres,10KM
2013-04-28,CourseduCegepTrois-Rivieres,5KM
2013-05-05,BMOVancouverMarathon,MARATHON
2013-05-05,BMOVancouverMarathon,HALFMARATHON
2013-05-05,CourseSte-Agathe,20KM
2013-05-05,CourseSte-Agathe,10KM
2013-05-05,DemiMarathonInternationalOasisdeLevis,DEMIMARATHON
2013-05-05,DemiMarathonInternationalOasisdeLevis,10KM
2013-05-05,DemiMarathonInternationalOasisdeLevis,5KM
2013-05-05,DéficourseetmarcheDesjardinsSainteThérèse,10KM
2013-05-05,DéficourseetmarcheDesjardinsSainteThérèse,5KM
2013-05-05,"GoodlifeTorontoMarathon,HalfMarathon,and5k",HALFMARATHON
2013-05-05,"GoodlifeTorontoMarathon,HalfMarathon,and5k",FULLMARATHON
2013-05-05,MississaugaMarathonRaces,HALFMARATHON
2013-05-05,MississaugaMarathonRaces,MARATHON
2013-05-05,PuertoRicoMarathonandHalfMarathon,MARATHON
2013-05-11,CoursedelaFondationhopitalSaintJerome,DEMI-MARATHON
2013-05-11,CoursedelaFondationhopitalSaintJerome,10KM
2013-05-11,CoursedelaFondationhopitalSaintJerome,5KM
2013-05-11,DayBeforeMother'sDayDuathlon&Relays,SHORTDUATHLON
2013-05-11,LeChallengeIRCM-Courirpourlavie,5KM
2013-05-12,AurythmedenosfouléesChâteauguay,DEMI-MARATHON
2013-05-12,AurythmedenosfouléesChâteauguay,5KM
2013-05-12,AurythmedenosfouléesChâteauguay,10KM
2013-05-12,BonjourPrintemps,DEMIMARATHON
2013-05-12,BonjourPrintemps,10KM
2013-05-12,BonjourPrintemps,5KM
2013-05-12,DefiGerardCotedeSt-Hyacinthe,10KM
2013-05-12,DefiGerardCotedeSt-Hyacinthe,5KM
2013-05-12,SportingLife10k,10KM
2013-05-16,CoursePlessisvilleensoiree,10KM
2013-05-16,CoursePlessisvilleensoiree,5KM
2013-05-18,OttawaEarlyBirdTriathlonandDuathlon,SPRINTTRIATHLON
2013-05-18,OttawaEarlyBirdTriathlonandDuathlon,LONGTRIATHON
2013-05-19,DesChenesToi,5KM-PHYSIOSANTE
2013-05-19,DesChenesToi,10KM-BOURRET
2013-05-19,DesChenesToi,2KM-ENERGIECARDIO
2013-05-19,DesChenesToi,1KM-MAXI
2013-05-19,DuathlonSorel-Tracy,COMPETITIF
2013-05-19,DuathlonSorel-Tracy,INTERMEDIAIRE
2013-05-19,IronmanFlorida70.3,OVERALLRESULTS
2013-05-19,ScotiabankBlueNoseMarathon,RECHARGEWITHMILKHALFMARATHON
2013-05-19,ScotiabankBlueNoseMarathon,SCOTIABANKFULLMARATHON
2013-05-19,ScotiabankBlueNoseMarathon,GOODLIFEFITNESS10KM
2013-05-19,ScotiabankBlueNoseMarathon,JOHNSON5KM
2013-05-19,VertleRaid-LeSentierUrbain,10KM
2013-05-20,SubaruVictoria'sDuathlon,DUATHLON
2013-05-25,DefiMemphre,10KM
2013-05-25,DefiMemphre,5KM
2013-05-25,DemiMarathonGenerations,5KM
2013-05-25,DemiMarathonGenerations,10KM
2013-05-25,FestivalQuebecensante10kmdubonheur,10KM
2013-05-25,FestivalQuebecensante10kmdubonheur,5KM
2013-05-25,OttawaRaceWeekend,OTTAWA10K
2013-05-25,OttawaRaceWeekend,HTGSPORTS5K
2013-05-25,OttawaRaceWeekend,OTTAWA2K
2013-05-26,CoursepourvaincrelaScleroseenPlaquesMont-Tremblant,10K
2013-05-26,OttawaRaceWeekend,OTTAWAHALF-MARATHON-DEMI-MARATHON
2013-05-26,OttawaRaceWeekend,OTTAWAMARATHON
2013-05-26,TorontoWomen'sHalfMarathon&5K,HALFMARATHON
2013-05-26,TriathlonDuathlond'Oka,TRIAHTLON
2013-05-26,TriathlonDuathlond'Oka,DUATHLON
2013-06-01,DefiPhysioExtradeTerrebonne,5KM
2013-06-01,DefiPhysioExtradeTerrebonne,DEFIDESENTREPRISES
2013-06-01,DefiPhysioExtradeTerrebonne,10KM
2013-06-01,Ironman70.3Hawaii,OVERALL
2013-06-01,MudHeroOttawa,6KMOBSTACLECOURSEANDMUDRUN
2013-06-02,BeatBeethoven8KmRun,8KM
2013-06-02,BreadandHoneyRaces,5KM
2013-06-02,Coursed'etedesilesdeBoucherville,10KMCOURSE
2013-06-02,Coursed'etedesilesdeBoucherville,21.1KMCOURSE
2013-06-02,Coursed'etedesilesdeBoucherville,5KMCOURSE
2013-06-02,CoursedelaBatailledesPlaines,10KM
2013-06-02,DefiVincentRoy,10KM
2013-06-02,DéfiTri-O-Lacs,10KM
2013-06-02,DéfiTri-O-Lacs,5KM
2013-06-02,DéfiTri-O-Lacs,2KM
2013-06-02,SubaruMiltonTriathlon,SPRINTTRIATHLON
2013-06-02,TriathlondeJoliette,COUPEDUQUEBECTRIATHLONSPRINTRIVIERE
2013-06-02,TriathlondeJoliette,COUPEDUQUEBECDUATHLONSPRINT
2013-06-02,VertleRaid-TRAILLaCliniqueDuCoureur,10KM
2013-06-02,VertleRaid-TRAILLaCliniqueDuCoureur,5KM
2013-06-08,BarrhavenRunforRoger'sHouse,10K
2013-06-08,MultiSportCanadaTriathlonSeriesBinbrook,TRIATHLON
2013-06-08,OttawaRiverTriathlon&Duathlon,SPRINTTRIATHLON
2013-06-08,Triathlon/DuathlonMont-Tremblant,DUATHLONOLYMPIQUE
2013-06-08,Triathlon/DuathlonMont-Tremblant,DUATHLONSPRINT
2013-06-09,8thAnnualRunWalk4PatrickFamilyFest,HALFMARATHON
2013-06-09,DefiDeux-Montagnes,10KM
2013-06-09,DefiDeux-Montagnes,5K
2013-06-09,DefiTriathlonOptimistedeLachine,TRIATHLONGROUPED'AGE
2013-06-09,DemimarathondespompiersdeShawinigan,21KM
2013-06-09,DemimarathondespompiersdeShawinigan,10KM
2013-06-09,DemimarathondespompiersdeShawinigan,5KM
2013-06-09,LaGrandeVireedesSentiersSt-Bruno,5KM
2013-06-09,LaGrandeVireedesSentiersSt-Bruno,20KM
2013-06-09,LaGrandeVireedesSentiersSt-Bruno,10KM
2013-06-09,LaGrandeVireedesSentiersSt-Bruno,1KM
2013-06-15,MetConBlueAdventureRace,5K
2013-06-15,MudHeroMontreal,6KM
2013-06-15,SubaruGuelphLakeISprintTriathlon&Duathlon,SPRINTDUATHLON
2013-06-15,TorontoPearsonRunwayRun,5K
2013-06-15,TourduLacBrome,5KMROUTE
2013-06-15,TourduLacBrome,22.2KMCHEMINDECAMPAGNE
2013-06-15,TourduLacBrome,9KMTRAIL
2013-06-15,TriathlonFBLDrummondville,TRIATHLONSPRINT
2013-06-15,TriathlonFBLDrummondville,DUATHLON
2013-06-15,TriathlonFBLDrummondville,TRIATHLONOLYMPIQUE
2013-06-15,TriathlonFBLDrummondville,MINITRIATHLON
2013-06-15,TriathlonLacBeauport,TRIATHLON
2013-06-15,TriathlonLacBeauport,DUATHLON
2013-06-16,BarrieHalfMarathon,HALFMARATHON
2013-06-16,Defidesescaliers,13KM
2013-06-16,Defidesescaliers,SPRINTEUR
2013-06-16,Defidesescaliers,19KM
2013-06-16,Defidesescaliers,GRIMPEUR
2013-06-16,LaFouleedesParcs,10KM
2013-06-16,LaFouleedesParcs,5KMPOUSSETTES
2013-06-16,LaFouleedesParcs,1KM
2013-06-16,LaFouleedesParcs,5KM
2013-06-16,ManitobaMarathon,MARATHON
2013-06-16,ManitobaMarathon,HALFMARATHON
2013-06-16,SaundersSubaruVictoriaTriathlon,HALFIRON
2013-06-16,TourduLacBrome,10KMROUTE
2013-06-16,TourduLacBrome,20KMROUTE
2013-06-16,TourduLacBrome,CHALLENGEMARATHON
2013-06-22,LeDefiBeauceron,21KM
2013-06-22,LeDefiBeauceron,10KM
2013-06-22,Sports4Emilie’sRun,5KM
2013-06-22,Triathlon-DuathlonTrois-Rivieres,TRIATHLONSPRINT
2013-06-22,Triathlon-DuathlonTrois-Rivieres,DUATHLONSPRINT
2013-06-23,IronmanMont-Tremblant70.3,70.3RESULTS
2013-06-23,IronmanSyracuse70.3,OVERALLRESULTS
2013-06-23,MultiSportCanadaTriathlonSeriesWellandTri/Du&Give-It-A-Tri,HALFIRONTRIATHLON
2013-06-23,ScotiabankVancouverHalfMarathon,HALFMARATHON
2013-06-29,DemiMarathondeSherbrooke,DEMI-MARATHON
2013-06-29,DemiMarathondeSherbrooke,10KM
2013-06-29,DemiMarathondeSherbrooke,5KM
2013-06-29,PrideandRemembranceRun,5KM
2013-06-29,TupperLakeTinmanTriathlon,TINMANTRIATHLON
2013-06-29,TupperLakeTinmanTriathlon,SPRINTTRIATHLON
2013-06-30,TriathlonAcademieSte-Therese/VilledeBlainville,SPRINT
2013-06-30,TriathlonVictoriaville,DUATHLONSPRINT
2013-06-30,TriathlonVictoriaville,TRIATHLONOLYMPIQUE
2013-06-30,TriathlonVictoriaville,TRIATHLONSPRINT
2013-07-01,CGCOttawaGameofLife5K&10KRun/Walk,5KM
2013-07-01,CGCOttawaGameofLife5K&10KRun/Walk,10KM
2013-07-06,CourseduFestivalChampetredeSaint-Thecle,10KM
2013-07-06,MikeCollingwoodMeechLakeTriathlon,TRIATHLON
2013-07-06,MudHeroHalifax,OVERALL
2013-07-06,TriathlondeGatineau,QCETCFNCTRIATHLONOLYMPIQUE
2013-07-06,TriathlondeGatineau,AGSPRINTDUATHLON
2013-07-06,TriathlondeGatineau,QCDUATHLONOLYMPIQUE
2013-07-06,TriathlondeSaguenay,DUATHLONOLYMPIQUE
2013-07-06,TriathlondeSaguenay,TRIATHLONOLYMPIQUE
2013-07-07,Fortdanslacourse,10KM
2013-07-07,Fortdanslacourse,5KM
2013-07-13,BushtukahBringontheBay3KOpenWaterSwim,3K
2013-07-13,KneeKnackeringNorthShoreTrailRun,30MILES
2013-07-13,OttawaBicycleClubGrandPrix,SENIORMEN3
2013-07-13,TriathlonduLac-Delage,TRIATHLONSPRINT
2013-07-13,TriathlonduLac-Delage,DUATHLONSPRINT
2013-07-13,VertleRaid-QuebecMegaTrail,5KM
2013-07-13,VertleRaid-QuebecMegaTrail,10KM
2013-07-13,VertleRaid-QuebecMegaTrail,42KMSOLO
2013-07-13,VertleRaid-QuebecMegaTrail,25KM
2013-07-14,ChallengeO2Merrell,TRIATHLONOLYMPIQUE
2013-07-14,ChallengeO2Merrell,DUATHLONOLYMPIQUE
2013-07-14,ChallengeO2Merrell,CHALLENGEO2
2013-07-14,ChallengeO2Merrell,TRIATHLONSPRINT
2013-07-14,DefidesDamesdeCoeur,10KM
2013-07-14,"GrahamBeasleyTriathlon,Duathlon&Relays",SPRINTTRIATHLON
2013-07-20,AcrossTheLakeSwim,2.1KMSWIM
2013-07-21,Cyclo-orford,100KM
2013-07-21,Cyclo-orford,50KM
2013-07-21,LindsayMilkRun,10KM
2013-07-21,TheFriendlyMasseyMarathon,MARATHON
2013-07-21,TheFriendlyMasseyMarathon,HALFMARATHON
2013-07-21,TriathlonVerdun,TRIATHLONSPRINT
2013-07-21,TriathlonVerdun,MINITRIATHLON
2013-07-21,TriathlonVerdun,DUATHLON
2013-07-27,Festi-beachduLacalaTortue,10KM
2013-07-27,Festi-beachduLacalaTortue,21KM
2013-07-27,Festi-beachduLacalaTortue,5KM
2013-07-28,IronmanLakePlacid,OVERALL
2013-07-28,TriathlonCharlevoix,TRIATHLONOLYMPIQUEINDIVIDUEL
2013-07-28,TriathlonCharlevoix,DUATHLONOLYMPIQUEINDIVIDUEL
2013-07-28,TriathlonCharlevoix,TRIATHLONSPRINT
2013-08-03,NationalCapital5and10kmRun,10KM
2013-08-03,NationalCapital5and10kmRun,5KM
2013-08-03,NationalCapitalTriathlonDuathlonandRelays,OLYMPICTRIATHLON
2013-08-03,NationalCapitalTriathlonDuathlonandRelays,SPRINTTRIATHLON
2013-08-03,VertleRaid-Demi-Marathondel'Isle-aux-Coudres,23KM
2013-08-03,VertleRaid-Demi-Marathondel'Isle-aux-Coudres,10KM
2013-08-03,VertleRaid-Demi-Marathondel'Isle-aux-Coudres,5KM
2013-08-04,DéfiBoréalSainte-Anne-de-Bellevue,20KM
2013-08-04,DéfiBoréalSainte-Anne-de-Bellevue,10KM
2013-08-04,DéfiBoréalSainte-Anne-de-Bellevue,5KM
2013-08-04,Ironman70.3Steelhead,OVERALLRESULTS
2013-08-04,K-TownTriathlonandDuathlon,LONGCOURSE
2013-08-04,K-TownTriathlonandDuathlon,SHORTCOURSE
2013-08-04,MuskokaRocks5&10K,UPS10KM
2013-08-04,TriathlonSte-Agathe,SPRINTTRIATHLON
2013-08-04,TriathlonSte-Agathe,SPRINTDUATHLON
2013-08-04,TriathlonSte-Agathe,NAGE2KM
2013-08-04,TriathlonSte-Agathe,NAGE5KM
2013-08-04,TriathlonTerrebonne,DUATHLON
2013-08-04,TriathlonTerrebonne,TRIATHLONSPRINT
2013-08-10,LaRueedesJarrets,10KM
2013-08-10,SeaWheezeHalfMarathon,HALFMARATHON
2013-08-10,TriathlonPromutuelduFjord,TRIATHLONSPRINT
2013-08-10,TriathlonPromutuelduFjord,TRIATHLONOLYMPIQUE
2013-08-10,TriathlonPromutuelduFjord,DUATHLONOLYMPIQUE
2013-08-11,Demi-MarathonduMont-Tremblant,21KM
2013-08-11,GranfondoGarneau-Cascades,110KM
2013-08-11,GreatRaisinRiverFootrace,11KM
2013-08-11,IronGirlTriforaCure,SPRINTTRIATHLON
2013-08-11,TriathlonTrimemphredeMagog,TRIATHLONDEMIIRONMAN
2013-08-11,TriathlonTrimemphredeMagog,TRIATHLONSPRINT
2013-08-11,TriathlonTrimemphredeMagog,TRIATHLONOLYMPIQUE
2013-08-11,TriathlonTrimemphredeMagog,DUATHLONOLYMPIQUE
2013-08-11,TriathlonTrimemphredeMagog,TRIATHLONINITIATION
2013-08-14,Le5kmEndurance,5KM
2013-08-14,Le5kmEndurance,2KM
2013-08-16,VertleRaid-XCdelaVallee,10KMDENUIT
2013-08-17,AMidSummerNightsRun,30KM
2013-08-17,AMidSummerNightsRun,15KMRUN
2013-08-17,TimbermanSprintTriathlon,TRIATHLON
2013-08-17,VertleRaid-XCdelaVallee,35KM
2013-08-18,Ironman70.3Timberman,OVERALLRESULTS
2013-08-18,IronmanMont-Tremblant,OVERALLRESULTS
2013-08-18,ThousandIslandTriathlon/DuathlonandRelay,SUPERSPRINTTRIATHLON
2013-08-18,VertleRaid-XCdelaVallee,10KM
2013-08-18,VertleRaid-XCdelaVallee,21KM
2013-08-24,MudHero,6KMOVERALLRESULTS
2013-08-24,TorontoWomens10K&5K,10KM
2013-08-24,TriathlonSainte-Adele,TRIATHLONSPRINT
2013-08-25,CornwallTriathlon,SPRINTTRIATHLON
2013-08-25,CornwallTriathlon,OLYMPICTRIATHLON
2013-08-25,EdmontonMarathon,MARATHON
2013-08-25,EdmontonMarathon,HALFMARATHON
2013-08-25,IronmanCanada,OVERALLRESULTS
2013-08-25,IronmanLouisville,OVERALLRESULTS
2013-08-25,LaValsedescoureurs,10KM
2013-08-25,LaValsedescoureurs,5KM
2013-08-25,LaValsedescoureurs,2KM
2013-08-25,MarathondesDeuxRivesLévis-Québec,DEMI-MARATHON
2013-08-25,MarathondesDeuxRivesLévis-Québec,MARATHON
2013-08-25,MarathondesDeuxRivesLévis-Québec,10KM
2013-08-25,MultiSportCanadaTriathlonSeriesTorontoIsland,SPRINTTRIATHLON
2013-08-25,MultiSportCanadaTriathlonSeriesTorontoIsland,SPRINTDUATHLON
2013-08-25,TriathlondeValleyfield,TRIATHLONOLYMPIQUE
2013-08-25,TriathlondeValleyfield,TRIATHLONSPRINT
2013-08-25,TriathlondeValleyfield,DUATHLONSPRINT
2013-08-25,TriathlondeValleyfield,COURE10KM
2013-08-25,TriathlondeValleyfield,TRIATHLONINITIATION
2013-08-25,VertleRaid-RaidBras-du-Nord,47KM
2013-08-31,CanadianIron226TriathlonDuathlonandRelays,IRON226TRIATHLON
2013-08-31,CanadianIron226TriathlonDuathlonandRelays,IRON226SWIMCYCLE
2013-08-31,SubaruGuelphLakeIITriathlonandDuathlon,SPRINTTRIATHLON
2013-08-31,TheCanadianMarathonHalfMarathon8Kmand3Kmruns,FULLMARATHON
2013-08-31,TheCanadianMarathonHalfMarathon8Kmand3Kmruns,HALFMARATHON
2013-09-02,Defipopulairecourse/duathlon/triathlonlaValleeduRichelieu,TRIATHLONSPRINT
2013-09-02,Defipopulairecourse/duathlon/triathlonlaValleeduRichelieu,TRIATHLONINITIATION
2013-09-02,Defipopulairecourse/duathlon/triathlonlaValleeduRichelieu,5K
2013-09-07,DefiJebouge,10KM
2013-09-07,DefiJebouge,21KM
2013-09-07,LePentathlondeVictoriaville,CROSS-COUNTRY-8KM
2013-09-07,LePentathlondeVictoriaville,CROSS-COUNTRY-4KM
2013-09-07,LePentathlondeVictoriaville,PENTATHLONVOLETINDIVIDUEL-COURTEDISTANCE
2013-09-07,LePentathlondeVictoriaville,CROSS-COUNTRY-2KM
2013-09-07,TriathlonEspritdeMontreal,TRIATHLONOLYMPIQUE
2013-09-07,TriathlonEspritdeMontreal,ESPRIT
2013-09-07,TriathlonEspritdeMontreal,TRIATHLONSPRINT
2013-09-07,TriathlonEspritdeMontreal,DEMI-ESPRIT
2013-09-07,TriathlonEspritdeMontreal,DUATHLONOLYMPIQUE
2013-09-07,TriathlonEspritdeMontreal,DUATHLONSPRINT
2013-09-07,Ultra-TrailHarricanadeCharlevoix,65KM
2013-09-07,Ultra-TrailHarricanadeCharlevoix,28KM
2013-09-07,Ultra-TrailHarricanadeCharlevoix,10KM
2013-09-08,B&OYorkvillerun,5KM
2013-09-08,CanmoreRockyMountainHalfMarathon,HALFMARATHON
2013-09-08,Demi-marathonGranby,21KMCOURSE
2013-09-08,Demi-marathonGranby,5KMCOURSE
2013-09-08,Demi-marathonGranby,10KMCOURSE
2013-09-08,Ironman70.3Muskoka,OVERALLRESULTS
2013-09-08,Ironman70.3WorldChampionship,OVERALLRESULTS
2013-09-08,Runfortheanimals,5K
2013-09-14,CycloLa*Montrealaise,90KM
2013-09-14,CycloLa*Montrealaise,155KM
2013-09-14,DuathlonSaint-Sauveur,DUATHLON
2013-09-14,GranFondoNiagaraFalls,KING/QUEENOFTHEMOUNTAIN
2013-09-15,LaGrandeVadrouille,10KM
2013-09-15,LaGrandeVadrouille,5KM
2013-09-15,LaGrandeVadrouille,2KM
2013-09-21,DefiVeloMag,CYCLOSPORTIVE105KM
2013-09-21,DefiVeloMag,CYCLOSPORTIVE60KM
2013-09-21,OasisZooRun,10KM
2013-09-22,ArmyRun-Coursedel'armee,HALFMARATHON-DEMIMARATHON
2013-09-22,ArmyRun-Coursedel'armee,5KRUN-COURSEDE5K
2013-09-22,DefiVeloMag,DEFIASICS10KMCOURSE
2013-09-22,DefiVeloMag,DEFIASICS21.1KMCOURSE
2013-09-22,DefiVeloMag,DEFIASICS5KMCOURSE
2013-09-22,Marathon Oasis de Montreal,Marathon
2013-09-22,Marathon Oasis de Montreal,Demi-Marathon
2013-09-22,Marathon Oasis de Montreal,5km Sports Experts
2013-09-22,Marathon Oasis de Montreal,1km P'tit Marathon
2013-09-22,Marathon Oasis de Montreal,10km
2013-09-22,MarathonOasisdeMontreal,MARATHON
2013-09-22,MarathonOasisdeMontreal,1KMP'TITMARATHON
2013-09-22,MarathonOasisdeMontreal,DEMI-MARATHON
2013-09-22,MarathonOasisdeMontreal,5KMSPORTSEXPERTS
2013-09-22,MarathonOasisdeMontreal,10KM
2013-09-22,NutrienceOakvilleHalf-Marathonand10Km,NUTRIENCEHALFMARATHON
2013-09-28,Melissa'sRoadRace,22KM
2013-09-28,WakefieldMoonlightRiverRun,5KMRUN/WALK
2013-09-29,CourseSte-Sophie,5KM
2013-09-29,CourseSte-Sophie,10KM
2013-09-29,CoursepopulaireduparcAngrignon,1KM
2013-09-29,CoursepopulaireduparcAngrignon,10KM
2013-09-29,LastChanceTriathlon,SPRINTTRIATHLON
2013-09-29,Unpasversl'espoir,10KM
2013-09-29,Unpasversl'espoir,5KM
2013-10-05,ALungRun,MINTOCHAPMANMILLS10KM
2013-10-05,ALungRun,COOPERATORS5KM
2013-10-05,BeauceRun,DEMIMARATHON
2013-10-05,BeauceRun,5KMCOURSE
2013-10-06,ClassiqueDuParcLaFontaine,10KM
2013-10-06,ClassiqueDuParcLaFontaine,5KM
2013-10-06,ClassiqueDuParcLaFontaine,2KM
2013-10-06,MarathondeRimouski,21.1KM
2013-10-06,MarathondeRimouski,42.2KM
2013-10-06,MontrealCIBCRunfortheCure,5KMMARCHE
2013-10-06,MontrealCIBCRunfortheCure,5KMCOURSE
2013-10-06,TheCountyMarathon,MARATHON
2013-10-12,FallColoursDuathlon,SPRINTDUATHLON
2013-10-12,FallColoursDuathlon,LONGDUATHLON
2013-10-12,IronmanWorldChampionship,OVERALLRESULTS
2013-10-13,BMOOkanaganMarathon,MARATHON
2013-10-13,DemimarathondescouleursdeBecancour,21.1KM
2013-10-13,DemimarathondescouleursdeBecancour,10KM
2013-10-13,DemimarathondescouleursdeBecancour,5KM
2013-10-13,LeCrossDesCouleurs,8KM
2013-10-13,LeCrossDesCouleurs,11KM
2013-10-13,LeCrossDesCouleurs,4KM
2013-10-13,OttawaFallColoursMarathonEvents,10KM
2013-10-13,OttawaFallColoursMarathonEvents,HALFMARATHON
2013-10-13,OttawaFallColoursMarathonEvents,FULLMARATHON
2013-10-13,OttawaFallColoursMarathonEvents,TURKEYCHALLENGE
2013-10-19,9RunRun,HALFMARATHON
2013-10-19,9RunRun,10KM
2013-10-19,Cross-CountrySaint-LaurentSelect,5KM
2013-10-19,Cross-CountrySaint-LaurentSelect,2KM
2013-10-20,DefiduTourduLacBeauport,12KM
2013-10-20,DefiduTourduLacBeauport,18KM
2013-10-20,DefiduTourduLacBeauport,6KM
2013-10-20,ScotiabankTorontoWaterfrontMarathon,MARATHON
2013-10-20,ScotiabankTorontoWaterfrontMarathon,HALFMARATHON
2013-10-20,ScotiabankTorontoWaterfrontMarathon,5KM
2013-10-26,Course10kmApocalypse/CoursedesCitrouilles,1KMCOURSE
2013-10-26,Course10kmApocalypse/CoursedesCitrouilles,5KMCOURSE
2013-10-26,Course10kmApocalypse/CoursedesCitrouilles,10KMCOURSE
2013-10-26,DeficoursesduFestivaldeChassedelaHaute-Saint-Maurice,10KMROUTE
2013-10-26,OttawaBeatBeethoven,8KMRUN
2013-10-27,Ironman70.3Austin,OVERALLRESULTS
2013-10-27,Ironman70.3Miami,OVERALLRESULTS
2013-10-27,NiagaraFallsInternationalMarathon,MARATHON
2013-10-27,NiagaraFallsInternationalMarathon,HALFMARATHON
2013-10-27,RattlemeBones5and10km,10KMWISHBONE
2013-10-27,RattlemeBones5and10km,5KMFUNNYBONE
2013-11-02,CourseduPortageur,10KM
2013-11-02,CourseduPortageur,5KM
2013-11-02,CourseduPortageur,1KM
2013-11-02,HeatherSaaltinkMemorialRun,5KRUN
2013-11-02,HeatherSaaltinkMemorialRun,10KRUN
2013-11-02,IronmanFlorida,OVERALLRESULTS
2013-11-03,OkaRoadRace,HALFMARATHON
2013-11-03,OkaRoadRace,10KM
2013-11-03,OkaRoadRace,5KM
2013-11-09,TimHortonsCasablancaClassic8&3K,8KMRUN
2013-11-10,FatAssTrailRun,25KM
2013-11-23,LeDefidesPeresNoeldelaFondationHopitalPierre-Boucher,10KM
2013-11-23,LeDefidesPeresNoeldelaFondationHopitalPierre-Boucher,1KM
2013-11-23,LeDefidesPeresNoeldelaFondationHopitalPierre-Boucher,5KM
2013-12-08,HonoluluMarathon,MARATHON
2014-01-25,FrostandFireTriand10K,10KMRUNWALK
2014-01-25,VertleRaid-TraildelaNuitpolaire,9KM
2014-01-25,VertleRaid-TraildelaNuitpolaire,4.5KM
2014-02-01,Triathlond'hiverSaint-Donat,TRIATHLONFORMATITU
2014-02-01,Triathlond'hiverSaint-Donat,TRIATHLONFORMATCLASSIQUE
2014-02-01,Triathlond'hiverSaint-Donat,10KM
2014-02-01,WinterludeTriathlonBaldeNeige,TRIATHLON
2014-02-09,DefiHivernalBizz-Or,TRIATHLOND'HIVER
2014-02-09,DefiHivernalBizz-Or,5KM
2014-02-09,DefiHivernalBizz-Or,TRIATHLOND'HIVERSPRINT
2014-02-15,GatineauLoppet,27KMCLASSIQUE
2014-02-15,GatineauLoppet,51KMCLASSIQUE
2014-02-16,DemiMarathonHypothermique,DEMI-MARATHON
2014-02-16,DéfiHivernalIleBizard,10KM
2014-02-16,DéfiHivernalIleBizard,5KM
2014-02-16,GatineauLoppet,27KMSTYLELIBRE/FREESTYLE
2014-02-16,GatineauLoppet,51KMSTYLELIBRE/FREESTYLE
2014-02-16,WintermanMarathonandMarathonRelays,MARATHON
2014-02-16,WintermanMarathonandMarathonRelays,HALFMARATHON
2014-02-17,TimHortonsGrimsbyHalfMarathonandFamilyDay10K&3K,HALFMARATHON
2014-02-22,DefiNordique,50KMCLASSIQUE
2014-02-22,DefiNordique,25KMCLASSIQUE
2014-02-22,DefiNordique,50KMSTYLELIBRE
2014-02-23,DefiNordique,TRIATHLONNORDIQUECOMPETITIFINDIVIDUEL
2014-02-23,DefiNordique,5KMRAQUETTE
2014-02-23,Morin-HeightsVikingLoppet,JANNORDSTROM10KMCLASSIQUE
2014-02-23,Morin-HeightsVikingLoppet,SMITH-JOHANNSEN33KMCLASSIQUE
2014-02-23,YMCAofPeterboroughHalf-marathonand5km,HALFMARATHON
2014-03-02,OkaSkiMarathon,42KMSTYLELIBRE
2014-03-08,Triathlond'hiverITU,GROUPESD'AGES
2014-03-15,OttawaStPatrick'sDayRun,10KM
2014-03-15,OttawaStPatrick'sDayRun,5KM
2014-03-15,TourduMontValin,45KMSTYLELIBRE
2014-03-15,TourduMontValin,45KMCLASSIQUE
2014-03-15,TourduMontValin,20KMCLASSIQUE
2014-03-16,Ironman70.3Monterrey,IRONMAN70.3MONTERREYRESULTS
2014-03-29,Ironman70.3CaliforniaOceanside,OVERALL
2014-03-30,AroundtheBayRoadRaces,30KM
2014-03-30,CourseetmarchepopulairesdeLaSalle,10KM
2014-03-30,CourseetmarchepopulairesdeLaSalle,5KM
2014-03-30,IronmanLosCabos,IRONMANLOSCABOSRESULTS
2014-04-05,Harry'sSpringRunOff,5KM
2014-04-05,Harry'sSpringRunOff,8KM
2014-04-05,Jordan1kmand5km,5K
2014-04-13,CourseSaint-Laurent,10KM
2014-04-13,CourseSaint-Laurent,5KM
2014-04-13,Ironman70.3PuertoRico,OVERALL
2014-04-13,SmithFallsSpringFlingRunningThing,HALFMARATHON
2014-04-13,TorontoYongeStreet10K,10KMRUN
2014-04-20,CoursePrintaniereOka,DEMIMARATHON
2014-04-20,CoursePrintaniereOka,10KMCOURSE
2014-04-26,"RuntoendMSHalf-Marathon,5kmand10km",HALF-MARATHON
2014-04-26,"RuntoendMSHalf-Marathon,5kmand10km",10KM
2014-04-26,"RuntoendMSHalf-Marathon,5kmand10km",5KM
2014-04-27,2014VancouverSunRun,10KM
2014-04-27,BanqueScotia21kmet5km,21KM
2014-04-27,BanqueScotia21kmet5km,5KM
2014-04-27,BanqueScotia21kmet5km,21KMMEDIACHALLENGE
2014-04-27,BanqueScotia21kmet5km,5KMMEDIACHALLENGE
2014-04-27,CourseduCegepTrois-Rivieres,10KM
2014-04-27,CourseduCegepTrois-Rivieres,5KMCOURSE
2014-04-27,LimestoneHalf-Marathonand5km,HALFMARATHON
2014-04-27,Mercedes-Benz10K,10KMRUN
2014-05-03,Ironman70.3St.George,OVERALL
2014-05-03,MississaugaMarathonRaces,10KM
2014-05-03,WakefieldCoveredBridgeRun,21KMTRAILRUN
2014-05-04,BMOVancouverMarathon,HALFMARATHON
2014-05-04,BMOVancouverMarathon,MARATHON
2014-05-04,CoupeDix30,10KM
2014-05-04,CoupeDix30,5KM
2014-05-04,CourseSte-Agathe,20KM
2014-05-04,CourseSte-Agathe,10KM
2014-05-04,CourseSte-Agathe,5KM
2014-05-04,DemiMarathonInternationalOasisdeLevis,DEMI-MARATHON
2014-05-04,DemiMarathonInternationalOasisdeLevis,10KMOASIS
2014-05-04,DéficourseetmarcheDesjardinsSainteThérèse,5KM
2014-05-04,DéficourseetmarcheDesjardinsSainteThérèse,5KMMARCHE
2014-05-04,DéficourseetmarcheDesjardinsSainteThérèse,10KM
2014-05-04,GoodlifeFitnessTorontoMarathon,MARATHON
2014-05-04,GoodlifeFitnessTorontoMarathon,HALFMARATHON
2014-05-04,MississaugaMarathonRaces,MARATHON
2014-05-04,MississaugaMarathonRaces,HALFMARATHON
2014-05-10,BonjourPrintemps,DEMI-MARATHON
2014-05-10,BonjourPrintemps,10KM
2014-05-10,BonjourPrintemps,5KM
2014-05-10,CoursedelaFondationhopitalSaintJerome,10KM
2014-05-10,CoursedelaFondationhopitalSaintJerome,DEMI-MARATHON
2014-05-10,CoursedelaFondationhopitalSaintJerome,5KMCOURSE
2014-05-10,LeChallengeIRCM-Courirpourlavie,10KM
2014-05-10,LeChallengeIRCM-Courirpourlavie,5KM
2014-05-11,AurythmedenosfouléesChâteauguay,DEMI-MARATHON
2014-05-11,AurythmedenosfouléesChâteauguay,10KM
2014-05-11,AurythmedenosfouléesChâteauguay,5KM
2014-05-11,DefiGerardCotedeSt-Hyacinthe,10KM
2014-05-11,DefiGerardCotedeSt-Hyacinthe,15KM
2014-05-11,DefiGerardCotedeSt-Hyacinthe,5KMCOURSE/MARCHE
2014-05-11,LaCourseDefiSantedeMortagne,5KM
2014-05-11,SportingLife10k,10KM
2014-05-14,CourseMECQuebec#2,10KM
2014-05-15,DéfiSantéPlessisville,10KM
2014-05-15,DéfiSantéPlessisville,5KM
2014-05-17,DefiMemphre,10KM
2014-05-17,IronmanTexas,OVERALLRESULTS
2014-05-17,OttawaEarlyBirdTriathlonandDuathlon,SPRINTTRIATHLON
2014-05-18,CourseSte-Sophie,5KM
2014-05-18,CourseSte-Sophie,10KM
2014-05-18,DesChenesToi,10KM-PHYSIOSANTE
2014-05-18,DesChenesToi,5KM-BUROPRO
2014-05-18,DesChenesToi,DEMI-MARATHONPODIATREELIZABETH
2014-05-18,DesChenesToi,1KM-MAXI
2014-05-18,DuathlonSorel-Tracy,DUATHLON-COMPETITIF
2014-05-18,LeTourdelaPointe,10KM
2014-05-18,LeTourdelaPointe,3KM
2014-05-18,LeTourdelaPointe,5KM
2014-05-18,ScotiabankBlueNoseMarathon,GOODLIFEFITNESS10K
2014-05-18,ScotiabankBlueNoseMarathon,SCOTIABANKFULLMARATHON
2014-05-18,ScotiabankBlueNoseMarathon,RECHARGEWITHMILKHALFMARATHON
2014-05-18,VertleRaid-LeSentierUrbain,10KM
2014-05-19,TrailducoureurdesboisdeDuchesnay,GRANDTRAIL-18KM
2014-05-19,TrailducoureurdesboisdeDuchesnay,PETITTRAILOASIS-8KM
2014-05-24,TamarackOttawaRaceWeekend,HTGSPORTS5K
2014-05-24,TamarackOttawaRaceWeekend,OTTAWA2K
2014-05-24,TamarackOttawaRaceWeekend,LOWERTOWNBREWERYOTTAWA10K
2014-05-25,CoursepourvaincrelaScleroseenPlaquesMont-Tremblant,10KM
2014-05-25,Defidessemellesd'ActonVale,10KMCHAUSSURESMILLE-PATTES
2014-05-25,SaskatchewanMarathon,MARATHON
2014-05-25,TamarackOttawaRaceWeekend,SCOTIABANKOTTAWAHALFMARATHON
2014-05-25,TamarackOttawaRaceWeekend,SCOTIABANKOTTAWAMARATHON
2014-05-25,TorontoWomen'sHalfMarathon&5K,HALFMARATHON
2014-05-25,TriathlonDuathlond'Oka,DUATHLON
2014-05-31,DefiPhysioExtradeTerrebonne,5KM
2014-05-31,DefiPhysioExtradeTerrebonne,10KM
2014-05-31,DefiPhysioExtradeTerrebonne,DEFIDESENTREPRISES
2014-05-31,DefiPhysioExtradeTerrebonne,21KM
2014-05-31,DemiMarathonGenerations,10KM-COURSE
2014-05-31,DemiMarathonGenerations,DEMIMARATHON
2014-05-31,DéfiTri-O-Lacs,10KM
2014-05-31,DéfiTri-O-Lacs,5KM
2014-05-31,Ironman70.3Hawaii,OVERALL
2014-05-31,MudHeroOttawa,6KM
2014-06-01,Coursed'etedesilesdeBoucherville,10KM(COURSE)
2014-06-01,Coursed'etedesilesdeBoucherville,5KM(COURSE)
2014-06-01,Coursed'etedesilesdeBoucherville,21KM(COURSE)
2014-06-01,DescenteRoyale,10KMOASIS
2014-06-01,Ironman70.3Raleigh,OVERALL
2014-06-01,NiagaraFallsWomen'sHalfMarathon,HALFMARATHONRUN
2014-06-01,SubaruMiltonTriathlon,SPRINTTRIATHLON
2014-06-01,TriathlondeJoliette,COUPEDUQUEBECTRIATHLONSPRINTRIVIERE
2014-06-01,TriathlondeJoliette,COUPEDUQUEBECDUATHLONSPRINT
2014-06-01,TriathlondeJoliette,COUPEDUQUEBECTRIATHLONSPRINTELITE
2014-06-07,BarrhavenRunforRoger'sHouse,10KM
2014-06-07,TourduCapTourmente,10KMCOURSE
2014-06-07,TourduCapTourmente,DEMI-MARATHON
2014-06-07,VertleRaid-TRAILLaCliniqueDuCoureur,10KM
2014-06-07,VertleRaid-TRAILLaCliniqueDuCoureur,5KM
2014-06-08,9thAnnualRun4Patrick,HALFMARATHON
2014-06-08,Avotrerythme,DEMI-MARATHON
2014-06-08,Avotrerythme,10KM
2014-06-08,Avotrerythme,5KM
2014-06-08,BreadandHoneyRaces,15KM
2014-06-08,CourseMECQuebec#3,5KM
2014-06-08,CourseMECQuebec#3,10KM
2014-06-08,CourseMECQuebec#3,DEMI-MARATHON21.1KM
2014-06-08,DemimarathondespompiersdeShawinigan,DEMI-MARATHON
2014-06-08,DemimarathondespompiersdeShawinigan,10KM
2014-06-08,DemimarathondespompiersdeShawinigan,5KM
2014-06-08,GrandPrixCyclistedeGatineau,MEDIOFONDO
2014-06-08,GrandPrixCyclistedeGatineau,GRANFONDO
2014-06-08,Ironman70.3Eagleman,OVERALL
2014-06-08,LaGrandeVireedesSentiersSt-Bruno,20KM
2014-06-08,LaGrandeVireedesSentiersSt-Bruno,5KM
2014-06-08,LaGrandeVireedesSentiersSt-Bruno,10KM
2014-06-08,Triathlon/DuathlonMont-Tremblant,IRONMAN5150-TRIATHLONOLYMPIQUE
2014-06-08,Triathlon/DuathlonMont-Tremblant,TRIATHLONSPRINT
2014-06-14,MudHeroMontreal,6KMMUDRUNANDOBSTACLECOURSE
2014-06-14,OttawaRiverTriathlon&Duathlon,SPRINTTRIATHLON
2014-06-14,OttawaRiverTriathlon&Duathlon,LONGCOURSEDUATHLON
2014-06-14,TorontoPearsonRunwayRun,5KM
2014-06-14,TourduLacBrome,22.2KMCHEMINDECAMPAGNE
2014-06-14,TourduLacBrome,9KMTRAIL
2014-06-14,TourduLacBrome,5KMROUTE
2014-06-14,TriathlonFBLDrummondville,TRIATHLONOLYMPIQUE
2014-06-14,TriathlonFBLDrummondville,TRIATHLONSPRINT
2014-06-14,TriathlonFBLDrummondville,DUATHLONINDIVIDUEL
2014-06-15,DefiTriathlonOptimistedeLachine,TRIATHLON16+
2014-06-15,Defidesescaliers,LEDEFIOASIS
2014-06-15,Defidesescaliers,LESUPERDEFI
2014-06-15,Defidesescaliers,GRIMPEUR
2014-06-15,Defidesescaliers,SPRINTEUR
2014-06-15,LaFouleedesParcs,10KM
2014-06-15,LaFouleedesParcs,5KM
2014-06-15,LaFouleedesParcs,2KM
2014-06-15,LaFouleedesParcs,1KM
2014-06-15,LaFouleedesParcs,2KM(AVECPOUSETTE)
2014-06-15,ManitobaMarathon,MARATHON
2014-06-15,ManitobaMarathon,HALFMARATHON
2014-06-15,MudHeroMontreal,6KMMUDRUNANDOBSTACLECOURSE
2014-06-15,MultiSportCanadaTriathlonSeriesWellandTri/Du&Give-It-A-Tri,HALFIRONTRIATHLON
2014-06-15,TourduLacBrome,20KMROUTE
2014-06-15,TourduLacBrome,10KMROUTE
2014-06-15,TourduLacBrome,1KMP'TITMARATHON
2014-06-15,TriathlonLacBeauport,TRIATHLON
2014-06-15,TriathlonLacBeauport,DUATHLON
2014-06-21,LeDefiBeauceron,DEMI-MARATHON
2014-06-21,LeDefiBeauceron,10KM
2014-06-21,Sports4Emilie'sRun,HALFMARATHON
2014-06-21,Triathlon/DuathlonTrois-Rivieres,TRIATHLONSPRINT
2014-06-22,Ironman70.3Syracuse,70.3RESULTS
2014-06-22,IronmanMont-Tremblant70.3,OVERALL
2014-06-22,ScotiabankVancouverHalfMarathon,HALFMARATHON
2014-06-28,DemiMarathondeSherbrooke,5KM
2014-06-28,DemiMarathondeSherbrooke,DEMI-MARATHON
2014-06-28,DemiMarathondeSherbrooke,10KM
2014-06-28,LESDÉFISDELACOURSEDUCARTON-CARTONFOLIES,10KM
2014-06-28,ToughmanTupperLakeTinman,TINMANTRIATHLON
2014-06-28,TriathlonVictoriaville,COURSE5KM
2014-06-29,ChallengeAtlanticCity,CHALLENGE
2014-06-29,TriathlonAcademieSte-Therese/VilledeBlainville,TRIATHLONSPRINT
2014-06-29,TriathlonAcademieSte-Therese/VilledeBlainville,TRIATHLONINITIATION
2014-06-29,TriathlonVictoriaville,DUATHLONSPRINT
2014-06-29,TriathlonVictoriaville,TRIATHLONSPRINT
2014-06-29,TriathlonVictoriaville,TRIATHLONOLYMPIQUE
2014-07-01,ScotiabankCanadaDayRoadRaces,5K
2014-07-01,ScotiabankCanadaDayRoadRaces,10K
2014-07-02,CoupeDix30,5KM
2014-07-02,CoupeDix30,10KM
2014-07-05,MikeCollingwoodMeechLakeTriathlon,TRIATHLON
2014-07-05,TriathlondeGatineau,QCETCFNCTRIATHLONOLYMPIQUE
2014-07-05,TriathlondeGatineau,AGETCFTRIATHLONSPRINT
2014-07-05,TriathlondeGatineau,QCDUATHLONOLYMPIQUE
2014-07-05,TriathlondeGatineau,AGDUATHLONSPRINT
2014-07-05,TriathlondeGatineau,5KM
2014-07-05,TriathlondeSaguenay,TRIATHLONOLYMPIQUE
2014-07-05,TriathlondeSaguenay,DUATHLONSPRINT
2014-07-06,Fortdanslacourse,21KM
2014-07-06,Fortdanslacourse,10KM
2014-07-06,MudHeroHalifax,6KMOBSTACLECOURSE
2014-07-06,SubaruPeterboroughTriathlonandDuathlon,HALFIRONTRIATHLON
2014-07-06,TriathlonSaintLambert,TRIATHLONSPRINT
2014-07-06,TriathlonSaintLambert,DUATHLONSPRINT
2014-07-06,TriathlonSaintLambert,5K
2014-07-06,TriathlonSaintLambert,SUPERSPRINTTRIATHLON
2014-07-12,BushtukahBringontheBay3KOpenWaterSwim,3KM
2014-07-12,KneeKnackeringNorthShoreTrailRun,30MILES
2014-07-12,TheNorthFaceEnduranceChallengeOntario-Trail,MARATHON
2014-07-12,TheNorthFaceEnduranceChallengeOntario-Trail,50K
2014-07-12,TheNorthFaceEnduranceChallengeOntario-Trail,GORE-TEX80K
2014-07-12,TriathlonduLac-Delage,TRIATHLONSPRINT
2014-07-12,TriathlonduLac-Delage,DUATHLONSPRINT
2014-07-12,VertleRaid-QuebecMegaTrail,25KMSKYRACE®
2014-07-12,VertleRaid-QuebecMegaTrail,10KMMICROBRASSERIEDESBEAUXPRES
2014-07-12,VertleRaid-QuebecMegaTrail,6KM
2014-07-13,ChallengeO2Merrell,TRIATHLONOLYMPIQUE
2014-07-13,ChallengeO2Merrell,TRIATHLONSPRINT
2014-07-13,ChallengeO2Merrell,CHALLENGEO2
2014-07-13,ChallengeO2Merrell,DUATHLONOLYMPIQUE
2014-07-13,DefidesDamesdeCoeurDesjardins,10KMOASIS
2014-07-13,GranFondoMontSainte-Anne,PICCOLOFONDO(80KM)
2014-07-13,TheNorthFaceEnduranceChallengeOntario-Trail,HALFMARATHON
2014-07-19,TriathlonTrimemphredeMagog,TRIATHLONSPRINT
2014-07-19,TriathlonTrimemphredeMagog,DEMI-MARATHONDUCREPUSCULE-10KM
2014-07-19,TriathlonTrimemphredeMagog,DEMI-MARATHONDUCREPUSCULE-21KM(19.5KM)
2014-07-20,LindsayMilkRun,10K
2014-07-20,TheFriendlyMasseyMarathon,MARATHON
2014-07-20,TriathlonTrimemphredeMagog,TRIATHLONLONGUEDISTANCE
2014-07-20,TriathlonTrimemphredeMagog,DUATHLONOLYMPIQUE
2014-07-20,TriathlonTrimemphredeMagog,TRIATHLONOLYMPIQUE
2014-07-20,TriathlonTrimemphredeMagog,MINITRIATHLON
2014-07-27,Cyclo-orford,100KM
2014-07-27,IronmanCalgary70.3,OVERALLRESULTS
2014-07-27,IronmanCanada,OVERALL
2014-07-27,IronmanLakePlacid,OVERALLRESULTS-FULL140.6DISTANCE
2014-07-27,IronmanLakePlacid,OVERALLRESULTS-SHORTENEDRACE
2014-07-27,TriathlonCharlevoix,TRIATHLONOLYMPIQUE
2014-07-27,TriathlonCharlevoix,DUATHLONSPRINT
2014-07-27,TriathlonCharlevoix,MINITRIATHLON
2014-07-27,TriathlonCharlevoix,DUATHLONOLYMPIQUE
2014-08-02,NationalCapitalTriathlonDuathlonandRelays,OLYMPICTRIATHLON
2014-08-02,NationalCapitalTriathlonDuathlonandRelays,SPRINTTRIATHLON
2014-08-02,TriathlonValD'Or,TRIATHLONSPRINT
2014-08-02,TriathlonValD'Or,DUATHLONSPRINT
2014-08-02,VertleRaid-Demi-Marathondel'Isle-aux-Coudres,23.5KMTHENORTHFACE
2014-08-02,VertleRaid-Demi-Marathondel'Isle-aux-Coudres,10KMOCEAN
2014-08-03,DéfiBoréalSainte-Anne-de-Bellevue,20KM
2014-08-03,DéfiBoréalSainte-Anne-de-Bellevue,10KM
2014-08-03,DéfiBoréalSainte-Anne-de-Bellevue,5KM
2014-08-03,Self-TranscendenceTriathlon/Duathlon,DUATHLON
2014-08-03,TriathlonSte-Agathe,TRIATHLONSPRINT
2014-08-03,TriathlonSte-Agathe,DUATHLONSPRINT
2014-08-03,TriathlonSte-Agathe,TRAVERSEELACDESSABLES-5KM
2014-08-03,TriathlonTerrebonne,SPRINTTRIATHLON
2014-08-03,TriathlonTerrebonne,DUATHLON
2014-08-05,CoupeDix30,10KM
2014-08-05,CoupeDix30,5KM
2014-08-09,TriathlonduFjord,TRIATHLONOLYMPIQUE
2014-08-09,TriathlonduFjord,DUATHLONOLYMPIQUE
2014-08-10,DemiMarathonMont-Tremblant,21KM
2014-08-10,GranfondoGarneau-Cascades,KINGOFTHEMOUNTAIN
2014-08-10,GranfondoGarneau-Cascades,GRANFONDO
2014-08-10,GreatRaisinRiverFootrace,5KM
2014-08-10,GreatRaisinRiverFootrace,11KM
2014-08-10,MultiSportCanadaTriathlonSeriesBracebridge,OLYMPICTRIATHLON
2014-08-10,TriathlonVerdun,TRIATHLONSPRINT
2014-08-10,TriathlonVerdun,DUATHLONSPRINT
2014-08-13,Le5kmEndurance,5KM
2014-08-15,VertleRaid-XCdelaVallee,TRANSEXPRESS
2014-08-15,VertleRaid-XCdelaVallee,10KMDENUITVIZIBL
2014-08-15,VertleRaid-XCdelaVallee,TRANSVALLEE
2014-08-16,AMidSummerNightsRun,30KM
2014-08-16,AMidSummerNightsRun,15KMRUN
2014-08-16,TimbermanTriathlon,TIMBERMANSPRINTTRIATHLON
2014-08-16,TriathlonSaint-Donat,TRIATHLONENDURANCEAVENTURESPRINT
2014-08-16,TriathlonSaint-Donat,TRIATHLONENDURANCEAVENTUREOFFSHORE
2014-08-16,VertleRaid-XCdelaVallee,35KM
2014-08-16,VertleRaid-XCdelaVallee,10KM
2014-08-17,Ironman70.3Timberman,IRONMAN70.3
2014-08-17,IronmanMont-Tremblant,RESULTATS
2014-08-17,VertleRaid-XCdelaVallee,21KM
2014-08-23,MarathonSSQLévis-Québec,COURSEDESJEUNESTANGUAY
2014-08-23,MudHeroToronto,6KMOBSTACLECOURSE
2014-08-23,SeaWheezeHalfMarathon,HALFMARATHON
2014-08-23,TriathlondeValleyfield,TRIATHLONINITIATION
2014-08-24,Demi-marathonBonnevilledeLachine,DEMI-MARATHON
2014-08-24,Demi-marathonBonnevilledeLachine,10KM
2014-08-24,Demi-marathonBonnevilledeLachine,1KM
2014-08-24,Demi-marathonBonnevilledeLachine,5KM
2014-08-24,EdmontonMarathon,MARATHON
2014-08-24,IronmanLouisville,OVERALL
2014-08-24,LaValsedescoureurs,10KM
2014-08-24,LaValsedescoureurs,5KM
2014-08-24,MarathonSSQLévis-Québec,MARATHON
2014-08-24,MarathonSSQLévis-Québec,DEMI-MARATHON
2014-08-24,MarathonSSQLévis-Québec,10KM
2014-08-24,MultiSportCanadaTriathlonSeriesTorontoIsland,SPRINTDUATHLON
2014-08-24,TriathlondeValleyfield,TRIATHLONOLYMPIQUE
2014-08-24,TriathlondeValleyfield,DUATHLONSPRINT
2014-08-24,TriathlondeValleyfield,TRIATHLONSPRINT
2014-08-24,TriathlondeValleyfield,DUATHLONOLYMPIQUE
2014-08-24,TriathlondeValleyfield,COURSEAPIED-10KM
2014-08-30,CanadianIron226TriathlonDuathlonandRelays,IRON226DUATHLON
2014-08-30,CanadianIron226TriathlonDuathlonandRelays,IRON226TRIATHLON
2014-08-30,CanadianIron226TriathlonDuathlonandRelays,SUPERSPRINTTRIATHLON
2014-08-30,CanadianIron226TriathlonDuathlonandRelays,OLYMPICTRIATHLON
2014-08-30,Defipopulairecourse/duathlon/triathlonlaValleeduRichelieu,TRIATHLONSPRINT
2014-08-30,TheCanadianMarathonHalfMarathon8Kmand3Kmruns,8KM
2014-08-30,TheCanadianMarathonHalfMarathon8Kmand3Kmruns,HALFMARATHON
2014-08-30,VertLeRaid-XTERRAQuebec,TRAILRUN10KM
2014-08-31,VertLeRaid-XTERRAQuebec,XTERRALONG
2014-09-06,LePentathlondeVictoriaville,CROSSCOUNTRY-8KM
2014-09-06,LePentathlondeVictoriaville,PENTATHLONVOLETINDIVIDUEL-SHORTDISTANCE
2014-09-06,LePentathlondeVictoriaville,PENTATHLONVOLETINDIVIDUEL-LONGDISTANCE
2014-09-06,LePentathlondeVictoriaville,CROSSCOUNTRY-4KM
2014-09-06,TriathlonEspritdeMontreal,DEMIESPRIT
2014-09-06,TriathlonEspritdeMontreal,TRIATHLONOLYMPIQUE
2014-09-06,TriathlonEspritdeMontreal,TRIATHLONSPRINT
2014-09-06,TriathlonEspritdeMontreal,TRIATHLONASSOCIATIONPULMONAIRE
2014-09-06,TriathlonEspritdeMontreal,DUATHLONOLYMPIQUE
2014-09-06,TriathlonEspritdeMontreal,DUATHLONSPRINT
2014-09-06,TriathlonEspritdeMontreal,ESPRIT
2014-09-07,CoupeDix30,30KM
2014-09-07,CoupeDix30,10KM
2014-09-07,CoupeDix30,15KM
2014-09-07,CoupeDix30,5KM
2014-09-07,CreditUnionsQueenCityMarathon,MARATHON
2014-09-07,CycloLaMontrealaise,88KM
2014-09-07,Demi-MarathondelaCote-de-Beaupre,21.1KM
2014-09-07,Demi-MarathondelaCote-de-Beaupre,5KM
2014-09-07,Ironman70.3Muskoka,INDIVIDUALRESULTS
2014-09-07,IronmanMont-Tremblant70.3WorldChampionship,RESULTATS
2014-09-13,CycloLaQuebecoise,150KM
2014-09-13,CycloLaQuebecoise,93KM
2014-09-13,DuathlonSaint-Sauveur,DUATHLON
2014-09-13,TheNorthFaceUltra-TrailHarricanaduCanada,65KM-VALEURSMOBILIÈRESDESJARDINS
2014-09-13,TheNorthFaceUltra-TrailHarricanaduCanada,10KM-SAIL
2014-09-13,TheNorthFaceUltra-TrailHarricanaduCanada,28KM-MOMENTUMTECHNOLOGIES
2014-09-13,TheNorthFaceUltra-TrailHarricanaduCanada,80KM(50MILES)
2014-09-14,CourseFondationHotelDieudeSorel,21KM
2014-09-14,CourseFondationHotelDieudeSorel,5KM-COURSE
2014-09-14,CourseFondationHotelDieudeSorel,10.5KM-COURSE
2014-09-14,CourseMECQuebec#4,21KM
2014-09-14,Demi-marathonGranby,DEMIMARATHONCOURSE
2014-09-14,Demi-marathonGranby,5KM
2014-09-14,Demi-marathonGranby,10KMCOURSE
2014-09-14,MultisportCanadaTriathlonSeriesLakeside,OLYMPICTRIATHLON
2014-09-20,DefiVeloMag,105KM
2014-09-20,DefiVeloMag,60KM
2014-09-20,IronmanMaryland,OVERALLRESULTS
2014-09-20,OasisZooRun,10KMRUN
2014-09-21,ArmyRun-Coursedel'Armée,HALFMARATHON-DEMIMARATHON
2014-09-21,ArmyRun-Coursedel'Armée,5KM
2014-09-21,CoursepopulaireduparcAngrignon,10KM
2014-09-21,DefiduParc,DEMIMARATHON21.1KM
2014-09-21,DefiduParc,10KM
2014-09-21,Ironman70.3Princeton,70.3RESULTS
2014-09-21,LaGrandeVadrouille,10KM
2014-09-21,LaGrandeVadrouille,5KM
2014-09-21,LacoursedeFontainebleau,10KM
2014-09-21,LacoursedeFontainebleau,5KMCOURSE
2014-09-21,MultisportCanada:NiagaraFallsBarrelmanTriathlon,BARRELMANHALFIRONTRIATHLON
2014-09-21,NutrienceOakvilleHalf-Marathonand10Km,NUTRIENCEHALFMARATHONRUN
2014-09-27,GranFondoColnago,93KM
2014-09-27,GranFondoColnago,56KM
2014-09-27,Melissa'sRoadRace,21KM
2014-09-28,CoursedelaCite-Limoilou,10KM
2014-09-28,Marathon Oasis Rock ‘n’ Roll de Montréal,Marathon
2014-09-28,Marathon Oasis Rock ‘n’ Roll de Montréal,Demi-Marathon
2014-09-28,Marathon Oasis Rock ‘n’ Roll de Montréal,10 km
2014-09-28,Marathon Oasis Rock ‘n’ Roll de Montréal,5 km Sports Experts
2014-09-28,Marathon Oasis Rock ‘n’ Roll de Montréal,P'tit Marathon 1 km Tel-Jeunes
2014-09-28,MarathonOasisRock‘n’RolldeMontréal,MARATHON
2014-09-28,MarathonOasisRock‘n’RolldeMontréal,P'TITMARATHON1KMTEL-JEUNES
2014-09-28,MarathonOasisRock‘n’RolldeMontréal,DEMI-MARATHON
2014-09-28,MarathonOasisRock‘n’RolldeMontréal,10KM
2014-09-28,MarathonOasisRock‘n’RolldeMontréal,5KMSPORTSEXPERTS
2014-09-28,RunfortheGrapesHalf-marathonand5Kmrun,HALFMARATHON
2014-10-04,Cross-CountrySaint-LaurentSelect,5KM
2014-10-04,Defidescouleurs,10KMSIMARD
2014-10-04,Ho`alaSwim,2.4MILESWIM
2014-10-04,RunfortheToad,25KM
2014-10-05,CoupeDix30,21KM
2014-10-05,CoupeDix30,10KM
2014-10-05,CoupeDix30,5KM
2014-10-05,MarathondeRimouski,DEMI-MARATHON
2014-10-05,MarathondeRimouski,MARATHON
2014-10-05,MarathondeRimouski,10KM
2014-10-05,MarathondeRimouski,4.2KM
2014-10-05,TheCountyMarathon,FULLMARATHON
2014-10-09,GCWCCWellnessChallenge-DefiMieux-EtreCCMTGC,5KMRUNANDWALK
2014-10-11,BeauceRUN,10K
2014-10-11,BeauceRUN,21.1K
2014-10-11,BeauceRUN,MARATHONBEAUCERON
2014-10-11,IronmanWorldChampionshippresentedbyGoPro,OVERALLRESULTS
2014-10-12,BMOOkanaganMarathon,MARATHON
2014-10-12,Demi-marathondescouleursPromutuel,21.1KM
2014-10-12,Demi-marathondescouleursPromutuel,5KM
2014-10-12,Demi-marathondescouleursPromutuel,10KM
2014-10-12,LeCrossDesCouleurs,8KM
2014-10-12,LeCrossDesCouleurs,11KM
2014-10-12,LeCrossDesCouleurs,4KM
2014-10-12,OttawaFallColoursMarathonEvents,FULLMARATHON
2014-10-12,OttawaFallColoursMarathonEvents,HALFMARATHON
2014-10-18,9RunRun,HALFMARATHON
2014-10-19,ClassiqueDuParcLaFontaine,5KM
2014-10-19,ClassiqueDuParcLaFontaine,10KM
2014-10-19,ClassiqueDuParcLaFontaine,1KM
2014-10-19,DefiTourdulacBeauport,DÉFI12KMLECOUREURNORDIQUE
2014-10-19,DefiTourdulacBeauport,DÉFI18KMLECOUREURNORDIQUE
2014-10-19,DefiTourdulacBeauport,DÉFI6KMLECOUREURNORDIQUE
2014-10-19,OurHospitalWalk-Run,8KMWALK/RUN
2014-10-19,ScotiabankTorontoWaterfrontMarathon,MARATHON
2014-10-19,ScotiabankTorontoWaterfrontMarathon,HALFMARATHON
2014-10-25,TorontoWomen's8K/5K,8KM
2014-10-26,CoupeDix30-Étape6,10KM
2014-10-26,CoupeDix30-Étape6,5KM
2014-10-26,CourseMECQuebec#5,10KM
2014-10-26,Ironman70.3Miami,OVERALLRESULTS
2014-10-26,NiagaraFallsInternationalMarathon,MARATHON
2014-10-26,NiagaraFallsInternationalMarathon,AUTOVALUEHYUNDAIHALF-MARATHONRUN
2014-10-26,SouthOttawaRaceDay,HALFMARATHON
2014-11-01,CourseduPortageur,10KM
2014-11-01,CourseduPortageur,5KM
2014-11-01,IronmanFlorida,OVERALLRESULTS
2014-11-02,Coursed'OkaRace,21.1KM
2014-11-02,Coursed'OkaRace,10KM
2014-11-02,Coursed'OkaRace,5KM
2014-11-16,IronmanArizona,OVERALLRESULTS
2015-01-24,VertleRaid-TraildelaNuitPolaire,15KM
2015-01-24,VertleRaid-TraildelaNuitPolaire,10KM
2015-01-31,WinterludeTriathlon,WINTERLUDETRIATHLON
2015-02-07,QuébecITUTriathlonHiver,TRIATHLOND'HIVER-GROUPESD'ÂGES
2015-02-07,QuébecITUTriathlonHiver,PATIN-MARATHON25KM
2015-02-08,CourseMECLongueuil#1,5KM
2015-02-08,CourseMECLongueuil#1,10KM
2015-02-14,GatineauLoppet,15KMCLASSIQUE
2015-02-14,GatineauLoppet,51KMCLASSIQUE
2015-02-15,DemiMarathonHypothermique,DEMIMARATHON
2015-02-15,DéfiHivernalIleBizard,10KM
2015-02-15,DéfiHivernalIleBizard,5KM
2015-02-15,GatineauLoppet,22.5KMSTYLELIBRE
2015-02-15,GatineauLoppet,42KMSTYLELIBRE
2015-02-15,WintermanMarathonandMarathonRelays,HALFMARATHON
2015-02-15,WintermanMarathonandMarathonRelays,MARATHON
2015-02-16,Pentathlondesneiges,DÉFICOURTEDISTANCEMERRELL-SOLO
2015-02-22,Demi-marathondesglaces,DEMI-MARATHON
2015-02-22,Demi-marathondesglaces,10KM
2015-02-22,Demi-marathondesglaces,5KM
2015-02-22,LoppetVikingdeMorin-Heights,JANNORDSTROM10KMCLASSIQUE
2015-02-22,LoppetVikingdeMorin-Heights,SMITH-JOHANNSEN33KMCLASSIQUE
2015-02-22,LoppetVikingdeMorin-Heights,JACKWAHLBERG20KMCLASSIQUE
2015-02-22,YMCAHalfMarathon,HALF-MARATHON
2015-02-28,OkaSkiMarathon,42KMSTYLELIBRE
2015-03-14,TourduMontValinSki,38KMSTYLELIBRE
2015-03-14,TourduMontValinSki,20KMSTYLELIBRE
2015-03-15,AchillesSt.Patrick'sDay5K,5KM
2015-03-15,Ironman70.3Monterrey,INDIVIDUALRESULTS
2015-03-15,Letourdel'horloge,8KM
2015-03-15,Letourdel'horloge,5KM
2015-03-29,AroundtheBay30KRoadRace,30KM
2015-03-29,AroundtheBay30KRoadRace,30KMOMACHAMPIONSHIPS
2015-03-29,CourseetmarchepopulairesdeLaSalle,5KM
2015-03-29,CourseetmarchepopulairesdeLaSalle,10KM
2015-04-04,CourseMECQuébec#1-LEDÉFIDESCOCOS,10KM
2015-04-04,CourseMECQuébec#1-LEDÉFIDESCOCOS,5KM
2015-04-04,CourseMECQuébec#1-LEDÉFIDESCOCOS,15KM
2015-04-04,Harry'sSpringRunOff,8KM
2015-04-12,CourseMECMontréal#2,10KM
2015-04-12,CourseSaint-Laurent,10KM
2015-04-12,CourseSaint-Laurent,5KM
2015-04-12,RunforReach,VITTORIATRATTORIAHALFMARATHON
2015-04-19,CourseMECLongueuil#2,10KM
2015-04-19,CourseMECLongueuil#2,15KM
2015-04-19,CourseMECLongueuil#2,5KM
2015-04-19,TorontoYongeStreet10k,10KM
2015-04-19,VancouverSunRun,10KM
2015-04-25,Demi-MarathondesÉrables,DEMI-MARATHON
2015-04-25,Demi-MarathondesÉrables,30KM
2015-04-25,Demi-MarathondesÉrables,10KM
2015-04-25,Demi-MarathondesÉrables,15KM
2015-04-25,Demi-MarathondesÉrables,5KM
2015-04-26,BanqueScotia21KdeMontreal,5KM
2015-04-26,BanqueScotia21KdeMontreal,DEMIMARATHON
2015-04-26,CourseduprintempsduCégepdeTrois-Rivières,10KM
2015-04-26,Demi-MarathondesGuépards,21.1KM
2015-04-26,Demi-MarathondesGuépards,5KM
2015-04-26,DÉFISANTÉDEMORTAGNE,5KM
2015-04-26,KRRALimestoneRaceWeekend,HALFMARATHON
2015-05-02,DiefenbookerClassic,10KM
2015-05-02,WakefieldCoveredBridgeRun,10KM
2015-05-02,WakefieldCoveredBridgeRun,21.1KMTRAILRUN
2015-05-03,BMOVancouverMarathon,MARATHON
2015-05-03,BMOVancouverMarathon,HALFMARATHON
2015-05-03,COURSEPRINTANIEREPARCNATIONALD'OKA,21KM
2015-05-03,Demi-marathoninternationalOasisdeLévis,DEMI-MARATHON
2015-05-03,Demi-marathoninternationalOasisdeLévis,10KMOASIS
2015-05-03,DéficourseetmarcheDesjardinsSainteThérèse,10KM
2015-05-03,DéficourseetmarcheDesjardinsSainteThérèse,5KM
2015-05-03,GoodlifeFitnessTorontoMarathon,MARATHON
2015-05-03,GoodlifeFitnessTorontoMarathon,HALFMARATHON
2015-05-03,MississaugaMarathonRaces,AMJCAMPBELLFULLMARATHON
2015-05-03,MississaugaMarathonRaces,RECHARGEWITHMILKHALFMARATHONRUN
2015-05-09,BonjourPrintemps,10KM
2015-05-09,BonjourPrintemps,5KM
2015-05-09,BonjourPrintemps,DEMIMARATHON
2015-05-09,COURIRANOTRESANTÉFONDATIONSAINT-JEROME,10KM
2015-05-09,COURIRANOTRESANTÉFONDATIONSAINT-JEROME,DEMIMARATHON
2015-05-09,COURIRANOTRESANTÉFONDATIONSAINT-JEROME,5KMCOURSEETMARCHE
2015-05-09,ChallengeIRCM,10KM
2015-05-09,ChallengeIRCM,5KMCOURSE
2015-05-09,Coursaprèsmoi,10KM
2015-05-09,Courstonparcours,10KM
2015-05-10,AurythmedenosfouléesChâteauguay,DEMI-MARATHON
2015-05-10,AurythmedenosfouléesChâteauguay,5KM
2015-05-10,AurythmedenosfouléesChâteauguay,10KM
2015-05-10,CourseMECMontréal#3,21.1KM
2015-05-10,CourseMECMontréal#3,15KM
2015-05-10,CourseMECMontréal#3,10KM
2015-05-10,CourseMECMontréal#3,5KM
2015-05-10,DÉFIGÉRARD-CÔTÉ,10KM
2015-05-10,DÉFIGÉRARD-CÔTÉ,15KM
2015-05-10,DÉFIGÉRARD-CÔTÉ,5KMCOURSE/MARCHE
2015-05-10,SportingLife10KOttawa,10KM
2015-05-10,SportingLife10KToronto,10KM
2015-05-16,MemorialHermannIRONMANNorthAmericanChampionshipTexas,INDIVIDUAL
2015-05-16,OttawaEarlyBirdTriathlon,SPRINTTRIATHLON
2015-05-16,OttawaEarlyBirdTriathlon,SUPERSPRINTTRIATHLON
2015-05-17,CourseMECLongueuil#3,5KM
2015-05-17,Deschenes-toi,10KMPHYSIOSANTE
2015-05-17,Deschenes-toi,5KMPNEUPATRY
2015-05-17,Deschenes-toi,DEMIMARATHONPODIATREELIZABETH
2015-05-17,Deschenes-toi,COMBO10KMET5KM
2015-05-17,Deschenes-toi,2KMGROUPEINVESTOR
2015-05-17,Deschenes-toi,1KMMAXICIE
2015-05-17,DuathlonSorel-Tracy,DUATHLONCOMPÉTITION
2015-05-17,Le21kmBoutiqueCourir,DEMIMARATHON
2015-05-17,Le21kmBoutiqueCourir,5KM
2015-05-17,Le21kmBoutiqueCourir,10KM
2015-05-17,ScotiabankBlueNoseMarathon,MARATHON
2015-05-17,TourdelaPointe,5KM
2015-05-17,VertleRaid-LeSentierUrbain,5KM
2015-05-17,VertleRaid-LeSentierUrbain,10KM
2015-05-18,TrailduCoureurdesBoisdeDuchesnay,GRANDTRAIL
2015-05-23,TamarackOttawaRaceWeekend,OTTAWA5K
2015-05-23,TamarackOttawaRaceWeekend,OTTAWA10K
2015-05-23,TamarackOttawaRaceWeekend,OTTAWA2K
2015-05-24,TORONTOWOMEN'SHALFMARATHON&5K,5KM
2015-05-24,TamarackOttawaRaceWeekend,OTTAWAHALFMARATHON
2015-05-24,TamarackOttawaRaceWeekend,OTTAWAMARATHON
2015-05-30,Demi-MarathonGénérations,DEMIMARATHON
2015-05-30,Demi-MarathondesVignobles,21KM
2015-05-30,Demi-MarathondesVignobles,10KM
2015-05-30,Demi-MarathondesVignobles,5KM
2015-05-30,Demi-MarathondesVignobles,1KM
2015-05-30,DÉFIPHYSIOEXTRADETERREBONNE,DEMI-MARATHON
2015-05-30,DÉFIPHYSIOEXTRADETERREBONNE,5KM-DÉFIDESENTREPRISES
2015-05-30,DÉFIPHYSIOEXTRADETERREBONNE,5KM
2015-05-30,DéfiTri-O-Lacs,10KM
2015-05-30,DéfiTri-O-Lacs,5KM
2015-05-31,COURSED’ÉTÉDESÎLESDEBOUCHERVILLE,10KMCOURSE
2015-05-31,COURSED’ÉTÉDESÎLESDEBOUCHERVILLE,DEMIMARATHON
2015-05-31,COURSED’ÉTÉDESÎLESDEBOUCHERVILLE,5KMCOURSE
2015-05-31,CourseMECQuébec#2-Coursesursentier,6KM
2015-05-31,SaskatchewanMarathon,MARATHON
2015-05-31,SaskatchewanMarathon,HALFMARATHON
2015-05-31,TriathlonChallengeAntoine-ManseauJoliette,TRIATHLONSPRINTAGOUVERT
2015-05-31,TriathlonChallengeAntoine-ManseauJoliette,TRIATHLONSPRINTÉLITES
2015-05-31,TriathlonChallengeAntoine-ManseauJoliette,TRIATHLONSPRINTAGCOUPEDUQUÉBEC
2015-06-06,BARRHAVENRUNFORROGER'SHOUSE,10KM
2015-06-06,MudHeroOttawa,6KOBSTACLECOURSE
2015-06-06,TourduCapTourmenteSimard,10KM
2015-06-06,TourduCapTourmenteSimard,21.1KM
2015-06-06,VertleRaid-TRAILLaCliniqueDuCoureur,5KM
2015-06-06,VertleRaid-TRAILLaCliniqueDuCoureur,10KM
2015-06-06,VertleRaid-TRAILLaCliniqueDuCoureur,30KM
2015-06-07,BreadandHoneyRoadRace,15KM
2015-06-07,CourseMECMontréal#4,5KM
2015-06-07,CourseMECMontréal#4,10KM
2015-06-07,CourseMECMontréal#4,1KM
2015-06-07,CourseSte-Agathe,10KM
2015-06-07,Demi-marathondespompiersdeShawinigan,10KM
2015-06-07,Demi-marathondespompiersdeShawinigan,DEMI-MARATHON
2015-06-07,Demi-marathondespompiersdeShawinigan,5KM
2015-06-07,DÉFIPIERREBRISE-BOIS,30KM
2015-06-07,DÉFIPIERREBRISE-BOIS,21.1KM
2015-06-07,GrandPrixCyclisteGatineau,MEDIOFONDOGATINEAU69KM
2015-06-07,LAGRANDEVIRÉEDESSENTIERS,20KM
2015-06-07,LAGRANDEVIRÉEDESSENTIERS,10KM
2015-06-07,LAGRANDEVIRÉEDESSENTIERS,5KM
2015-06-07,LAGRANDEVIRÉEDESSENTIERS,1KM-8-9ANS
2015-06-07,MiltonSubaruTriathlon,SPRINTTRIATHLON
2015-06-07,NiagaraFallsWomen'sHalfMarathon,HALFMARATHON
2015-06-07,ÀVOTRERYTHME!,10KM
2015-06-13,CoursedesVoisinsdeDaveluyville,DEMI-MARATHON
2015-06-13,OttawaRiverTriathlon,SPRINTTRIATHLON
2015-06-13,OttawaRiverTriathlon,OLYMPICDUATHLON
2015-06-13,TourduLacBromeMerrell,22.2KM
2015-06-13,TourduLacBromeMerrell,9KM-TRAIL
2015-06-13,TourduLacBromeMerrell,5KM
2015-06-13,TriathlonFBLDrummondville,TRIATHLONSPRINT
2015-06-13,TriathlonFBLDrummondville,DUATHLON
2015-06-13,TriathlonFBLDrummondville,TRIATHLONOLYMPIQUE-OUVERT
2015-06-13,TriathlonFBLDrummondville,TRIATHLONOLYMPIQUE-COUPEQUÉBEC
2015-06-13,TriathlonFBLDrummondville,MINITRIATHLON
2015-06-14,CourseMECQuébec#3-Demi-marathondeSt-Raymond,10KM
2015-06-14,Défidesescaliers,DÉFIOASIS
2015-06-14,Défidesescaliers,SUPERDÉFI
2015-06-14,Défidesescaliers,MEILLEURGRIMPEUR
2015-06-14,EdgetoEdgeMarathon,MARATHON
2015-06-14,MultiSportCanadaTriathlonSeriesWellandTri/Du&Give-It-A-Tri,HALFTRIATHLON
2015-06-14,TourduLacBromeMerrell,20KM
2015-06-14,TourduLacBromeMerrell,CHALLENGEMARATHON
2015-06-14,TourduLacBromeMerrell,10KM
2015-06-20,5i50Mont-Tremblant,SPRINTINDIVIDUEL
2015-06-20,5i50Mont-Tremblant,5I50INDIVIDUEL
2015-06-20,GuelphLakeISubaruTriathlon,5150TRIATHLON
2015-06-20,LEDÉFIBEAUCERON,DEMI-MARATHON21.1KM
2015-06-20,MudHeroMontreal,6KMOBSTACLECOURSE
2015-06-21,Demi-MarathonduBaluchon,DEMIMARATHON
2015-06-21,Demi-MarathonduBaluchon,10KM
2015-06-21,Demi-MarathonduBaluchon,5KM
2015-06-21,Ironman70.3Mont-Tremblant,INDIVIDUEL
2015-06-21,Ironman70.3Syracuse,OVERALL
2015-06-21,LAFOULÉEDESPARCS,1KM
2015-06-21,LAFOULÉEDESPARCS,5KM
2015-06-21,LAFOULÉEDESPARCS,10KM
2015-06-21,LAFOULÉEDESPARCS,2KM
2015-06-21,ManitobaMarathon,HALFMARATHON
2015-06-21,ManitobaMarathon,MARATHON
2015-06-27,Demi-MarathondeSherbrooke,5KM
2015-06-27,Demi-MarathondeSherbrooke,10KM
2015-06-27,Demi-MarathondeSherbrooke,DEMIMARATHON
2015-06-27,L'UltimeConquête-TomeII,5KMINDIVIDUELPARTICIPATIF
2015-06-27,LETRIATHLONDEVICTORIAVILLE,TRIATHLONSÉRIEGRANDPRIX-DEMI-FINALE
2015-06-27,LETRIATHLONDEVICTORIAVILLE,TRIATHLONSÉRIEGRANDPRIX-FINALEA
2015-06-27,LETRIATHLONDEVICTORIAVILLE,TRIATHLONSÉRIEGRANDPRIX-FINALEB
2015-06-27,ToughmanTupperLakeTinman,SPRINTTRIATHLON
2015-06-27,ToughmanTupperLakeTinman,TINMANTRIATHLON
2015-06-28,LETRIATHLONDEVICTORIAVILLE,TRIATHLONOLYMPIQUE
2015-06-28,TRIATHLONACADEMIESAINTE-THERESE,TRIATHLONSPRINT
2015-06-30,Coursed'unsoird'etedeLongueuil,10KM
2015-06-30,Coursed'unsoird'etedeLongueuil,5KM
2015-06-30,Coursed'unsoird'etedeLongueuil,5KM-CANICOURSE
2015-07-01,ScotiabankCanadaDayRoadRaces,10KM
2015-07-03,Le5et10kmduPtitTrainduNord,5KM
2015-07-03,Le5et10kmduPtitTrainduNord,10KM
2015-07-04,TRIATHLONDUFJORD,TRIATHLONOLYMPIQUE
2015-07-04,TriathlondeGatineau,DUATHLONOLYMPIQUE
2015-07-04,TriathlondeGatineau,TRIATHLONSPRINTOUVERT
2015-07-04,TriathlondeGatineau,TRIATHLONOLYMPIQUE
2015-07-04,TriathlondeGatineau,TRIATHLONSPRINT-COUPEDUQUÉBECETFORCESCANADIENNES
2015-07-05,Ironman70.3Muskoka,OVERALL
2015-07-08,CourseduFestivallaGibelotte,10KM
2015-07-08,CourseduFestivallaGibelotte,5KMCOURSEETMARCHE
2015-07-11,LaGrandeCourse,10KM
2015-07-11,LaGrandeCourse,21KM
2015-07-11,TriathlonSaint-Lambert,TRIATHLONSPRINT
2015-07-11,TriathlonSaint-Lambert,SPRINTMAN(20TOPHOMMESET20TOPFEMMES)
2015-07-11,TriathlonSaint-Lambert,DUATHLON
2015-07-11,TriathlonSaint-Lambert,TRY-A-TRI(TRIATHLONINITIATION)
2015-07-11,VertleRaid-QuébecMégaTrail,25KM
2015-07-11,VertleRaid-QuébecMégaTrail,50KM
2015-07-12,CourseMECLongueuil#4,21.1KM
2015-07-12,CourseMECLongueuil#4,10KM
2015-07-12,CourseMECLongueuil#4,5KM
2015-07-12,FortdanslaCourse,DEMIMARATHON
2015-07-12,HINTONBURGCENTENNIAL5K,5KM
2015-07-12,SydenhamLakesideTriathlonandDuathlon,SUPERSPRINTTRIATHLON
2015-07-18,AcrosstheLakeSwim,2.1KM
2015-07-18,TriathlonNeptunedeSainte-ADELE,TRIATHLONSPRINT
2015-07-18,TriathlondeQuébec,TRIATHLONSPRINT
2015-07-19,FriendlyMasseyMarathon,FRIENDLYMASSEYMARATHON
2015-07-19,GranFondoMont-Sainte-Anne,MEDIOFONDO
2015-07-19,TriathlonRivières-des-Prairies,TRIATHLONSPRINT
2015-07-25,TrimemphréMagog,TRIATHLONOLYMPIQUE
2015-07-26,IronmanCanada,INDIVIDUAL
2015-07-26,IronmanLakePlacid,OVERALL
2015-07-26,TriathlondeCharlevoix,TRIATHLONOLYMPIQUE
2015-07-26,TrimemphréMagog,TRIATHLONSPRINT
2015-07-26,TrimemphréMagog,TRIATHLON1/2LONGUEDISTANCE
2015-08-01,NationalCapitalTriathlonDuathlonandRelays,SPRINTTRIATHLON
2015-08-01,NationalCapitalTriathlonDuathlonandRelays,SUPERSPRINTTRIATHLON
2015-08-01,RAIDVÉLOMAG-VÉLIRIUM,33KM
2015-08-01,TriathlondeVald'Or,TRIATHLONOLYMPIQUE
2015-08-01,VertleRaid-Demi-Marathondel'Isle-aux-Coudres,23KMTRAVERSEL'ISLE-AUX-COUDRESSAINT-JOSEPH-DE-LA-RIVE
2015-08-02,CourseMECMontréal#6,5KM
2015-08-02,CourseMECMontréal#6,20KM
2015-08-02,CourseMECMontréal#6,10KM
2015-08-02,DéfiBoréalSainte-Anne-de-Bellevue,20KM
2015-08-02,DéfiBoréalSainte-Anne-de-Bellevue,5KM
2015-08-02,DéfiBoréalSainte-Anne-de-Bellevue,10KM
2015-08-02,KingstonTriathlon,TRIATHLON
2015-08-02,TriathlonSte-Agathe,DUATHLONSPRINT
2015-08-02,TriathlonSte-Agathe,TRIATHLONSPRINT
2015-08-02,TriathlondeTerrebonne,DUATHLONSPRINT
2015-08-02,TriathlondeTerrebonne,TRIATHLONSPRINT
2015-08-04,RendezvousauDIX30,5KM
2015-08-04,RendezvousauDIX30,10KM
2015-08-09,Demi-marathondeMont-Tremblant,10KM
2015-08-09,Demi-marathondeMont-Tremblant,DEMI-MARATHON
2015-08-09,GRANFONDOGARNEAUQUÉBECOR,GRANFONDO-100KM
2015-08-09,TriathlondeVerdun,TRIATHLONSPRINT-GRANDPRIX
2015-08-09,TriathlondeVerdun,TRIATHLONSPRINT-COUPEDUQUÉBEC
2015-08-09,TriathlondeVerdun,TRIATHLONSPRINT-OUVERT
2015-08-12,Le5kmEndurance,5KM
2015-08-12,Le5kmEndurance,2KM
2015-08-14,VertleRaid-XCdelaVallee,10KMDENUIT
2015-08-15,L'EchapeeBelle,80KM
2015-08-15,L'EchapeeBelle,45KM
2015-08-15,SeaWheezeHalfMarathon,HALFMARATHON
2015-08-15,TimbermanTriathlon,SPRINTTRIATHLON
2015-08-15,VertleRaid-XCdelaVallee,35KM
2015-08-15,VertleRaid-XCdelaVallee,10KM
2015-08-15,triathlonduSaguenay,TRIATHLONOLYMPIQUE
2015-08-16,DEMI-MARATHONDESVERGERS,15KM
2015-08-16,DEMI-MARATHONDESVERGERS,DEMIMARATHON
2015-08-16,DEMI-MARATHONDESVERGERS,10KM
2015-08-16,IronmanMont-Tremblant,OVERALL
2015-08-16,OrilliaSUBARUTRIATHLON,SPRINTTRIATHLON
2015-08-16,ThousandIslandTriathlon/DuathlonandRelay,SPRINTTRIATHLON
2015-08-16,ThousandIslandTriathlon/DuathlonandRelay,OLYMPICTRIATHLON
2015-08-16,Timberman70.3,INDIVIDUAL
2015-08-16,VertleRaid-XCdelaVallee,TRANS-VALLEE
2015-08-16,VertleRaid-XCdelaVallee,21KM
2015-08-22,TORONTOISLANDTRIATHLON,SPRINTTRIATHLON
2015-08-22,TourdelaBaie,21.1KM
2015-08-23,CornwallTRIATHLON,SPRINTDUATHLON
2015-08-23,CornwallTRIATHLON,OLYMPICTRIATHLON
2015-08-23,Demi-MarathonBonnevilledeLachine,21.1KM
2015-08-23,Demi-MarathonBonnevilledeLachine,10KM
2015-08-23,Demi-MarathonBonnevilledeLachine,5KM
2015-08-23,EdmontonMarathon,MARATHON
2015-08-23,GranFondoCentre-du-Québec,PICCOLOFONDO108KM
2015-08-23,LaValsedescoureurs,5KM
2015-08-23,LaValsedescoureurs,10KM
2015-08-23,TriathlonValleyfield,TRIATHLONOLYMPIQUE
2015-08-23,TriathlonValleyfield,TRIATHLONSPRINT
2015-08-23,TriathlonValleyfield,DUATHLONOLYMPIQUE
2015-08-23,TriathlonValleyfield,TRIATHLOND3COUVERTE
2015-08-23,TriathlonValleyfield,DUATHLONSPRINT
2015-08-29,TorontoWomen's10k&5k,10KMRUN/WALK
2015-08-29,WasagaBeachTriathlon,SPRINTTRIATHLON
2015-08-30,IronmanMuskoka,IRONMAN
2015-08-30,MarathonSSQLévis-Québec,MARATHON
2015-08-30,MarathonSSQLévis-Québec,10KMOASIS
2015-08-30,MarathonSSQLévis-Québec,DEMI-MARATHON
2015-09-05,CanadianIron113TriathlonDuathlonandRelays,SPRINTTRIATHLON
2015-09-05,CanadianIron113TriathlonDuathlonandRelays,IRON113TRIATHLON
2015-09-05,CanadianIron113TriathlonDuathlonandRelays,SUPERSPRINTTRIATHLON
2015-09-05,CourseMECMontréal#7-LACOURSE-LUMIÈRE,10KM
2015-09-05,CourseMECMontréal#7-LACOURSE-LUMIÈRE,5KM
2015-09-05,CourseMECMontréal#7-LACOURSE-LUMIÈRE,15KM
2015-09-05,DÉFIPOPULAIREDELAVALLÉEDURICHELIEU,TRIATHLONSPRINT
2015-09-05,DÉFIPOPULAIREDELAVALLÉEDURICHELIEU,DUATHLONSPRINT
2015-09-05,GUELPHLAKEIISubaruTriathlon,SPRINTTRIATHLON
2015-09-05,TriathlonDuchesnay,DUATHLONOLYMPIQUE
2015-09-05,TriathlonDuchesnay,TRIATHLONOLYMPIQUE
2015-09-06,30kmsurlesrivesdeBoucherville,15KM
2015-09-06,30kmsurlesrivesdeBoucherville,30KM
2015-09-06,30kmsurlesrivesdeBoucherville,5KM
2015-09-06,30kmsurlesrivesdeBoucherville,10KM
2015-09-12,LePentathlondeVictoriaville,COURTEDISTANCE-INDIVIDUEL
2015-09-12,LePentathlondeVictoriaville,LONGUEDISTANCE-INDIVIDUEL
2015-09-12,OasisZooRun,10KM
2015-09-12,TrailCLB,20KM
2015-09-12,TriathlonEspritdeMontreal,DEMIESPRIT
2015-09-13,B&OYORKVILLERUN,CANADIAN5KMROADRACECHAMPIONSHIP
2015-09-13,CanmoreRockyMountainHalfMarathon,10KM
2015-09-13,Demi-MarathondelaCôte-de-Beaupré,DEMI-MARATHON
2015-09-13,IRONMANWisconsin,INDIVIDUAL
2015-09-13,LACOURSEDELAFONDATIONHOTEL-DIEU-DE-SOREL,5KM-COURSE
2015-09-13,LACOURSEDELAFONDATIONHOTEL-DIEU-DE-SOREL,21KM
2015-09-13,LE10KMDEL'UNIVERSITÉLAVAL,10KM
2015-09-13,LaGrandeVadrouille,5KM
2015-09-13,LaGrandeVadrouille,10KM
2015-09-13,LePentathlondeVictoriaville,CROSS-COUNTRY4KM
2015-09-13,SaskatchewanCreditUnionsQueenCityMarathon,RUNNINGROOM21.1KRUN
2015-09-13,TriathlonEspritdeMontreal,TRIATHLONOLYMPIQUE
2015-09-13,TriathlonEspritdeMontreal,DUATHLONOLYMPIQUE
2015-09-13,TriathlonEspritdeMontreal,TRIATHLONSPRINT
2015-09-13,TriathlonEspritdeMontreal,DUATHLONSPRINT
2015-09-19,Ultra-TrailHarricanaduCanada(UTHC),28KM
2015-09-19,Ultra-TrailHarricanaduCanada(UTHC),65KM
2015-09-19,Ultra-TrailHarricanaduCanada(UTHC),125KM
2015-09-20,ArmyRun-Coursedel'Armée,1/2MARATHON-DEMI-MARATHON
2015-09-20,ArmyRun-Coursedel'Armée,5KM
2015-09-20,CourseMECQuébec#4-CoursedescouleursMEC,21.1KM
2015-09-20,Marathon Oasis Rock 'n' Roll de Montreal,1 km - P'tit Marathon
2015-09-20,Marathon Oasis Rock 'n' Roll de Montreal,10 km
2015-09-20,Marathon Oasis Rock 'n' Roll de Montreal,Demi-Marathon
2015-09-20,Marathon Oasis Rock 'n' Roll de Montreal,5 km
2015-09-20,MarathonOasisRock'n'RolldeMontreal,MARATHON
2015-09-20,MarathonOasisRock'n'RolldeMontreal,DEMI-MARATHON
2015-09-20,MarathonOasisRock'n'RolldeMontreal,10KM
2015-09-20,MarathonOasisRock'n'RolldeMontreal,5KM
2015-09-20,MarathonOasisRock'n'RolldeMontreal,1KM-P'TITMARATHON
2015-09-26,Melissa'sRoadRace,10KM
2015-09-26,OttawaRunforPalestine,5KM
2015-09-26,PearsonRunwayRun,5KM
2015-09-26,WakefieldMoonlightRiverRun,10KM
2015-09-27,CourseMECLongueuil#5,15KM
2015-09-27,CourseMECLongueuil#5,5KM
2015-09-27,CoursedelaCité-Limoilou,10KM
2015-09-27,CoursepopulaireduparcAngrignon,10KM
2015-09-27,CoursepopulaireduparcAngrignon,5KM-COURSE
2015-09-27,LacoursedeFontainebleau,10KM
2015-10-03,BeauceRUN,5KM-COURSE
2015-10-03,Cross-CountrySaint-LaurentSelect,6KM
2015-10-03,DefidesCouleurs-Simard,21.1KMCARONETGUAY
2015-10-03,DefidesCouleurs-Simard,5KMFAMILIPRIX
2015-10-04,ClassiqueEmilie-Mondor,10KM
2015-10-04,ClassiqueEmilie-Mondor,EXTREME8
2015-10-04,ClassiqueEmilie-Mondor,5KM
2015-10-04,Demi-marathondeGranby,21KM-COURSE
2015-10-04,Demi-marathondeGranby,10KM-COURSE
2015-10-04,Demi-marathondeGranby,5KM
2015-10-04,MarathondeRIMOUSKI,MARATHON
2015-10-04,MarathondeRIMOUSKI,5KM
2015-10-04,MarathondeRIMOUSKI,DEMIMARATHON
2015-10-04,MarathondeRIMOUSKI,10KM
2015-10-04,THECOUNTYMARATHON,RE/MAXQUNITEHALFMARATHON
2015-10-04,THECOUNTYMARATHON,FULLMARATHON
2015-10-08,WellnessChallenge,5KM
2015-10-10,IronmanWorldChampionship,OVERALLRESULTS
2015-10-11,BMOOkanaganMarathon,HALFMARATHON
2015-10-11,Demi-marathondescouleursPromutuel,MARATHON
2015-10-11,Demi-marathondescouleursPromutuel,DEMI-MARATHON
2015-10-11,Demi-marathondescouleursPromutuel,10KM
2015-10-11,DemimarathondeLongueuil,21KM
2015-10-11,DemimarathondeLongueuil,10KM
2015-10-11,DemimarathondeLongueuil,5KM
2015-10-11,IronmanLouisville,OVERALLRESULTS
2015-10-11,LeCrossdesCouleurs,11KM
2015-10-11,OttawaFallColoursMarathon,HALFMARATHON
2015-10-11,OttawaFallColoursMarathon,FULLMARATHON
2015-10-11,OttawaFallColoursMarathon,10.5KM
2015-10-12,Demi-MarathonduboisdeBelle-Rivière,15KM
2015-10-12,Demi-MarathonduboisdeBelle-Rivière,10KM
2015-10-12,Demi-MarathonduboisdeBelle-Rivière,21KM
2015-10-12,Demi-MarathonduboisdeBelle-Rivière,5KM
2015-10-18,ClassiqueduParcLaFontaine,10KM
2015-10-18,ClassiqueduParcLaFontaine,5KM
2015-10-18,ClassiqueduParcLaFontaine,1KM
2015-10-18,DefiTourduLacBeauport,DÉFI12KMLECOUREURNORDIQUE
2015-10-18,ScotiabankTorontoWaterfrontMarathon,HALFMARATHON
2015-10-18,ScotiabankTorontoWaterfrontMarathon,MARATHON
2015-10-23,Défielesentier,5KM(VENDREDI)
2015-10-24,Défielesentier,8KM
2015-10-25,15kmaupiedduMontSaint-Hilaire,5KM
2015-10-25,15kmaupiedduMontSaint-Hilaire,10KM
2015-10-25,Ironman70.3Miami,70.3RESULTS
2015-10-25,IronmanandIronman70.3LosCabos,FULLIRONMANOVERALL
2015-10-25,RattleMeBones,5KMFUNNYBONE
2015-11-01,CourseMECLongueuil#7,10KM
2015-11-01,Coursed'Oka,DEMIMARATHON
2015-11-01,Coursed'Oka,10KMCOURSE
2015-11-01,Coursed'Oka,5KMCOURSE
2015-11-08,DEMI-MARATHONDESMICROBRASSERIES,10KM
2015-11-08,DEMI-MARATHONDESMICROBRASSERIES,21KM
2015-11-08,DEMI-MARATHONDESMICROBRASSERIES,30KM
2015-11-21,HobbleGobblePredictionRun,SHORTCOURSE-BYTIME
2015-11-21,HobbleGobblePredictionRun,SHORTCOURSE-BYPREDICTION
2015-11-29,IronmanCozumel,OVERALL
2015-12-06,CourseduPèreNoëlCasselmanSantaRun,10KM
2015-12-06,IntertrustCaymanIslandsMarathon,MARATHON
2016-02-14,DemiMarathonHypothermique,DEMIMARATHON
2016-02-14,DemiMarathonHypothermique,10.5KM
2016-02-14,WintermanMarathonandMarathonRelays,10K(MARATHONERS)
2016-02-14,WintermanMarathonandMarathonRelays,10K(HALFMARATHONERS)
2016-02-21,Demi-marathondesglaces,DEMI-MARATHON
2016-02-21,Demi-marathondesglaces,10KM
2016-02-21,DéfiHivernalIleBizard,10KM
2016-02-21,DéfiHivernalIleBizard,5KM
2016-02-21,QuébecITUTriathlond'Hiver,GROUPESD'ÂGES
2016-02-26,Pentathlondesneiges,SKIATHLON-2X6KMSOLO
2016-02-27,GatineauLoppet,51KMCLASSIQUE
2016-02-28,GatineauLoppet,51KMSTYLELIBRE
2016-02-28,YMCAHalfMarathon,HALF-MARATHON
2016-03-06,CourseMECMontréal#1,10KM
2016-03-06,OkaSkiMarathon,42KMSTYLELIBRE
2016-03-06,OkaSkiMarathon,10KMSTYLELIBRE
2016-03-19,StPatricksDayRace,5KM
2016-03-19,StPatricksDayRace,10KM
2016-03-19,TourduMontValinSki,20KMCLASSIQUE
2016-03-20,CourseetmarchepopulairesdeLaSalle,10KM
2016-03-20,CourseetmarchepopulairesdeLaSalle,5KM
2016-03-26,CourseMECQuébec#1-LEDÉFIDESCOCOS,10KM
2016-03-26,CourseMECQuébec#1-LEDÉFIDESCOCOS,15KM
2016-03-26,CourseMECQuébec#1-LEDÉFIDESCOCOS,5KM
2016-04-03,AroundtheBay30KRoadRace,30KM
2016-04-09,RaceRosterSpringRunOff,8KM-KILLTHEHILLCHALLENGE
2016-04-09,RaceRosterSpringRunOff,8KM
2016-04-09,RaceRosterSpringRunOff,5KM
2016-04-09,RaceRosterSpringRunOff,5KM-KILLTHEHILLCHALLENGE
2016-04-10,CourseSaint-Laurent,10KM
2016-04-10,CourseSaint-Laurent,5KM
2016-04-10,CoursesThematiquesLetourdel'horloge,8KM
2016-04-10,CoursesThematiquesLetourdel'horloge,5KM
2016-04-10,Ironman70.3Florida,INDIVIDUAL
2016-04-10,RunforReach,VITTORIATRATTORIAHALFMARATHON
2016-04-10,RunforRetina,HALFMARATHONRUN
2016-04-16,MECOttawarace1-TheSpringFlyer,10MILES
2016-04-24,BanqueScotia21KdeMontreal,DEMIMARATHON
2016-04-24,BanqueScotia21KdeMontreal,5KM
2016-04-24,Demi-MarathondesGuépards,21.1KM
2016-04-24,Demi-MarathondesGuépards,5KM
2016-04-24,KRRALimestoneRaceWeekend,HALFMARATHON
2016-04-24,Mercedes-BenzOakville10k,MERCEDES-BENZOAKVILLE10K
2016-04-29,Le5kdesflambeaux,5KM
2016-04-30,MarathondesÉrables,MARATHON
2016-04-30,MarathondesÉrables,30KM
2016-04-30,MarathondesÉrables,5KM
2016-04-30,MarathondesÉrables,15KM
2016-04-30,MarathondesÉrables,DEMI-MARATHON
2016-04-30,MarathondesÉrables,10KM
2016-04-30,MississaugaMarathonRaces,MNP10KMRUN
2016-04-30,RuntoendMS,MARATHON
2016-04-30,RuntoendMS,HALFMARATHON
2016-05-01,BMOVancouverMarathon,HALFMARATHON
2016-05-01,BMOVancouverMarathon,MARATHON
2016-05-01,COURSEPRINTANIEREPARCNATIONALD'OKA,10KMCOURSE
2016-05-01,Demi-marathoninternationalOasisdeLévis,DEMI-MARATHON
2016-05-01,Demi-marathoninternationalOasisdeLévis,10KMOASIS
2016-05-01,DÉFIENTREPRISESOTTAWAGATINEAU,5KM
2016-05-01,DéficourseetmarcheDesjardinsSainteThérèse,10KM
2016-05-01,DéficourseetmarcheDesjardinsSainteThérèse,5KM
2016-05-01,DéficourseetmarcheDesjardinsSainteThérèse,5KMMARCHE
2016-05-01,GoodlifeFitnessTorontoMarathon,MARATHON
2016-05-01,GoodlifeFitnessTorontoMarathon,HALFMARATHON
2016-05-01,MississaugaMarathonRaces,FULLMARATHON
2016-05-01,MississaugaMarathonRaces,HALFMARATHONRUN
2016-05-07,WakefieldCoveredBridgeRun,21.1KMTRAILRUN
2016-05-07,WakefieldCoveredBridgeRun,10KM
2016-05-08,AurythmedenosfouléesChâteauguay,DEMI-MARATHON
2016-05-08,AurythmedenosfouléesChâteauguay,5KM
2016-05-08,AurythmedenosfouléesChâteauguay,10KM
2016-05-08,DÉFIGÉRARD-CÔTÉ,5KMCOURSE/MARCHE
2016-05-08,DÉFIGÉRARD-CÔTÉ,10KM
2016-05-08,DÉFIGÉRARD-CÔTÉ,15KM
2016-05-08,DÉFISANTÉDEMORTAGNE,15KM
2016-05-08,DÉFISANTÉDEMORTAGNE,5KM
2016-05-08,SportingLife10KOttawa,10KM
2016-05-08,SportingLife10KToronto,10KM
2016-05-14,BonjourPrintemps,21KM
2016-05-14,BonjourPrintemps,10KM
2016-05-14,DéfiMemphré,10KM
2016-05-15,CourseMECMontréal#2,15KM
2016-05-15,CourseMECMontréal#2,10KM
2016-05-15,CourseMECMontréal#2,5KM
2016-05-15,DuathlonSorel-Tracy,DUATHLONCOMPÉTITION
2016-05-21,OkaDuathlon,DUATHLON
2016-05-22,CoursesThematiquesMarathonSSQdeLongueuil,10KM
2016-05-22,CoursesThematiquesMarathonSSQdeLongueuil,DEMIMARATHON
2016-05-22,CoursesThematiquesMarathonSSQdeLongueuil,5KM
2016-05-22,CoursesThematiquesMarathonSSQdeLongueuil,MARATHON
2016-05-22,IRONMAN70.3Chattanooga,INDIVIDUAL
2016-05-22,ScotiabankBlueNoseMarathon,MARATHON
2016-05-22,TourdelaPointe,3KM
2016-05-22,VertleRaid-LeSentierUrbain,10KM
2016-05-28,TamarackOttawaRaceWeekend,OTTAWA10K
2016-05-28,TamarackOttawaRaceWeekend,OTTAWA5K
2016-05-28,TamarackOttawaRaceWeekend,OTTAWA2K
2016-05-29,SaskatchewanMarathon,MARATHON
2016-05-29,TORONTOWOMEN'SHALFMARATHON&5K,HALFMARATHONCHANGEDTO12.3K
2016-05-29,TamarackOttawaRaceWeekend,OTTAWAHALFMARATHON
2016-05-29,TamarackOttawaRaceWeekend,OTTAWAMARATHON
2016-05-29,TamarackOttawaRaceWeekend,OTTAWAMARATHON-SHORTENEDRACE
2016-06-04,CourseFondationJeunessedel'EcoleSecondaired'Oka,5KM
2016-06-04,DéfiTri-O-Lacs,10KM
2016-06-04,Footstock,6/40/6DUATHLON
2016-06-04,MudHeroOttawa,6KOBSTACLECOURSE
2016-06-04,SouthCoastMarathon,MARATHON
2016-06-05,BARRIEWATERFRONTHALFMARATHON,HALFMARATHON
2016-06-05,COURSED’ÉTÉDESÎLESDEBOUCHERVILLE,DEMIMARATHON
2016-06-05,COURSED’ÉTÉDESÎLESDEBOUCHERVILLE,10KMCOURSE
2016-06-05,Demi-MarathondesVignobles,21KM
2016-06-05,Demi-MarathondesVignobles,10KMDUVIGNOBLELESPETITSCAILLOUX
2016-06-05,Demi-MarathondesVignobles,15KM
2016-06-05,Demi-MarathondesVignobles,5KM
2016-06-05,Demi-MarathondesVignobles,30KM
2016-06-05,DescenteRoyale,10KMOASIS
2016-06-05,GrandPrixCyclisteGatineau,GRANDFONDOGATINEAU111.8KM
2016-06-05,GrandPrixCyclisteGatineau,MEDIOFONDOGATINEAU69KM
2016-06-05,LexisNexisIRONMAN70.3Raleigh,INDIVIDUAL
2016-06-05,MiltonSubaruTriathlon,SPRINTTRIATHLON
2016-06-05,TriathlonChallengeAntoine-ManseauJoliette,TRIATHLONSPRINTAGCOUPEDUQUÉBEC
2016-06-05,TriathlonChallengeAntoine-ManseauJoliette,TRIATHLONSPRINTAGOUVERT
2016-06-11,BARRHAVENRUNFORROGER'SHOUSE,10KM
2016-06-11,Demi-MarathondesGénérations,DEMIMARATHON
2016-06-11,TriathlondeQuébec,TRIATHLONSPRINT
2016-06-11,VertleRaid-TRAILLaCliniqueDuCoureur,10KM
2016-06-12,Demi-marathondespompiersdeShawinigan,DEMI-MARATHON
2016-06-12,DÉFIPIERREBRISE-BOIS,30KM
2016-06-12,DÉFIPIERREBRISE-BOIS,10KM
2016-06-12,DÉFIPIERREBRISE-BOIS,21.1KM
2016-06-12,Défitriathlonoptimistedelachine,TRIATHLOND3COUVERTE
2016-06-12,EdgetoEdgeMarathon,MARATHON
2016-06-12,Ironman70.3Eagleman,INDIVIDUAL
2016-06-12,LAGRANDEVIRÉEDESSENTIERS,20KM
2016-06-12,LAGRANDEVIRÉEDESSENTIERS,10KM
2016-06-12,LAGRANDEVIRÉEDESSENTIERS,5KM
2016-06-12,LAGRANDEVIRÉEDESSENTIERS,2KM-10-11ANS
2016-06-12,SubaruIronman70.3Victoria,INDIVIDUAL
2016-06-12,TRIATHLONACADEMIESAINTE-THERESE,TRIATHLONSPRINT
2016-06-12,TRIATHLONACADEMIESAINTE-THERESE,TRIATHLONOLYMPIQUE
2016-06-12,ÀVOTRERYTHME!,15KM
2016-06-12,ÀVOTRERYTHME!,5KM
2016-06-18,CoursesThematiquesTourduLacBromeMerrell,22.2KM
2016-06-18,CoursesThematiquesTourduLacBromeMerrell,5KM
2016-06-18,CoursesThematiquesTourduLacBromeMerrell,9KM-TRAIL
2016-06-18,GuelphLakeISubaruTriathlon,5150TRIATHLON
2016-06-18,TourduCapTourmenteSimard,21.1KM
2016-06-18,TourduCapTourmenteSimard,10KM
2016-06-18,TriathlonFBLDrummondville,DUATHLON-COUPEDUQUEBEC
2016-06-18,TriathlonFBLDrummondville,TRIATHLONOLYMPIQUE-COUPEQUÉBEC
2016-06-18,TriathlonFBLDrummondville,TRIATHLONSPRINT
2016-06-19,CoursesThematiquesTourduLacBromeMerrell,20KM
2016-06-19,CoursesThematiquesTourduLacBromeMerrell,10KM
2016-06-19,CoursesThematiquesTourduLacBromeMerrell,CHALLENGEMARATHON
2016-06-19,CoursesThematiquesTourduLacBromeMerrell,DÉFI9KMTRAIL+20KM
2016-06-19,Ironman70.3Syracuse,OVERALL
2016-06-19,MECOttawarace2-Dad'sDayDash,5KM
2016-06-19,MECOttawarace2-Dad'sDayDash,HALFMARATHON
2016-06-19,ManitobaMarathon,MARATHON
2016-06-19,ManitobaMarathon,HALFMARATHON
2016-06-25,5i50Mont-Tremblant,5I50INDIVIDUEL
2016-06-25,5i50Mont-Tremblant,SPRINTINDIVIDUEL
2016-06-25,MudHeroMontreal,6KMOBSTACLECOURSE
2016-06-25,TorontoWaterfront10,10KM
2016-06-25,ToughmanTupperLakeTinman,SPRINTTRIATHLON
2016-06-25,ToughmanTupperLakeTinman,TINMANTRIATHLON
2016-06-26,"MultiSportCanadaTriathlonSeriesWellandTri,Du&Give-It-A-Tri",LONGCOURSETRIATHLON
2016-06-27,Ironman70.3Mont-Tremblant,INDIVIDUEL
2016-06-29,DéfiADN,10KM
2016-07-01,ScotiabankCanadaDayRoadRaces,5KM
2016-07-01,ScotiabankCanadaDayRoadRaces,10KM
2016-07-03,Demi-MarathondeSherbrooke,DEMIMARATHON
2016-07-03,Demi-MarathondeSherbrooke,10KM
2016-07-03,Demi-MarathondeSherbrooke,5KM
2016-07-03,LETRIATHLONDEVICTORIAVILLE,TRIATHLONOLYMPIQUE
2016-07-03,LETRIATHLONDEVICTORIAVILLE,TRIATHLONSPRINT
2016-07-08,Le5et10kmduP'titTrainduNord,10KM
2016-07-08,Le5et10kmduP'titTrainduNord,5KM
2016-07-09,Coursed'unsoird'etedeLongueuil,10KM
2016-07-09,Coursed'unsoird'etedeLongueuil,5KM
2016-07-10,CourseMECLongueuil#3,10KM
2016-07-10,CourseMECLongueuil#3,21.1KM
2016-07-10,CourseMECLongueuil#3,5KM
2016-07-10,HINTONBURGCENTENNIAL5K,5KM
2016-07-10,Ironman70.3Muskoka,OVERALL
2016-07-10,LaGrandeCourse,10KM
2016-07-10,LaGrandeCourse,21KM
2016-07-10,MECOttawarace3-Heggtveit’sRevengeTRAIL,5KM
2016-07-10,MECOttawarace3-Heggtveit’sRevengeTRAIL,9KM
2016-07-13,5kand15kFarmRun,15KM
2016-07-15,Demi-MarathondelaBandeduCanal,5KM
2016-07-15,Demi-MarathondelaBandeduCanal,DEMI-MARATHON
2016-07-15,Demi-MarathondelaBandeduCanal,10KM
2016-07-16,NorthFaceEnduranceChallenge,GORE-TEX50MILE
2016-07-16,TriathlonLac-Beauport,TRIATHLONSPRINT
2016-07-16,VertleRaid-QuébecMégaTrail,25KMLAVIESPORTIVE
2016-07-16,VertleRaid-QuébecMégaTrail,10KMMICROBRASSERIEDESBEAUXPRÉS
2016-07-16,VertleRaid-QuébecMégaTrail,48KMSKYRACE
2016-07-16,VertleRaid-QuébecMégaTrail,6KMCHÂTEAUMONT-SAINTE-ANNE
2016-07-17,FriendlyMasseyMarathon,FRIENDLYMASSEYMARATHON
2016-07-17,LindsayMilkRun,10KM
2016-07-17,LindsayMilkRun,5KMRUN-WALK
2016-07-17,MECOttawaTriathlonSprint,TRIATHLONSPRINT
2016-07-17,NorthFaceEnduranceChallenge,HALFMARATHON
2016-07-17,NorthFaceEnduranceChallenge,5K
2016-07-23,2016CanadianTriathlonChampionshipsandOttawaCAMTRIAmericanCup,STANDARDDISTANCECHAMPIONSHIPS
2016-07-24,2016CanadianTriathlonChampionshipsandOttawaCAMTRIAmericanCup,CANADIANSPRINTDISTANCECHAMPIONSHIPS
2016-07-24,CourseMECMontréal#3,5KM
2016-07-24,CourseMECMontréal#3,10KM
2016-07-24,CourseMECMontréal#3,20KM
2016-07-24,IronmanCanada,INDIVIDUAL
2016-07-24,IronmanLakePlacid,INDIVIDUALRESULTS
2016-07-30,NationalCapital5and10kmRun&WylieRyanKidsSurfnTurf,10KM
2016-07-30,TrimemphréMagog,TRIATHLONOLYMPIQUE
2016-07-30,TrimemphréMagog,TRIATHLONDEMILONGUEDISTANCECHAMPIONNATPROVINCIAL
2016-07-31,TriathlondeCharlevoix,TRIATHLONOLYMPIQUE
2016-07-31,TriathlondeCharlevoix,TRIATHLONSPRINT
2016-07-31,TriathlondeCharlevoix,DUATHLONOLYMPIQUE
2016-07-31,TrimemphréMagog,TRIATHLONSPRINT
2016-08-06,BRACEBRIDGETriathlon,SPRINTTRIATHLON
2016-08-06,RAIDVÉLOMAG-VÉLIRIUM,30KM
2016-08-06,RAIDVÉLOMAG-VÉLIRIUM,60KM
2016-08-07,DéfiBoréalSainte-Anne-de-Bellevue,20KM
2016-08-07,DéfiBoréalSainte-Anne-de-Bellevue,5KM
2016-08-07,DéfiBoréalSainte-Anne-de-Bellevue,10KM
2016-08-07,IronmanBoulder,OVERALLRESULTS
2016-08-07,MECOttawarace4-TheMECGatineauParkTrailRaces,50KM
2016-08-07,MECOttawarace4-TheMECGatineauParkTrailRaces,30KM
2016-08-07,MECOttawarace4-TheMECGatineauParkTrailRaces,20KM
2016-08-07,TriathlonInternationaldeMontreal,TRIATHLONSPRINT-SANSSILLONNAGE
2016-08-07,TriathlonInternationaldeMontreal,TRIATHLONOLYMPIQUE
2016-08-07,TriathlonInternationaldeMontreal,TRIATHLONOLYMPIQUEQUALIFICATIONMONDIAUX2017
2016-08-07,TriathlonInternationaldeMontreal,TRIATHLONOLYMPIQUE-CHAMPIONNATPROVINCIAL
2016-08-07,TriathlonInternationaldeMontreal,DÉFICORPORATIFBCF
2016-08-07,TriathlonInternationaldeMontreal,TRIATHLONSPRINT-SILLONNAGE
2016-08-13,SeaWheezeHalfMarathon,HALFMARATHON
2016-08-13,triathlonduSaguenay,TRIATHLONSPRINT
2016-08-14,Demi-marathondeMont-Tremblant,DEMI-MARATHON
2016-08-14,Demi-marathondeMont-Tremblant,10KM
2016-08-14,GRANFONDOGARNEAUQUÉBECOR,GRANFONDO-100KM
2016-08-14,LaValsedescoureurs,10KM
2016-08-14,LaValsedescoureurs,5KM
2016-08-14,TriathlondeVerdun,TRIATHLONSPRINT-GRANDPRIXCHAMPIONNATPROVINCIAL
2016-08-14,TriathlondeVerdun,TRIATHLONSPRINT
2016-08-14,TriathlondeVerdun,DUATHLONSPRINTCHAMPIONNATPROVINCIAL
2016-08-17,Le5kmEndurance,5KM
2016-08-19,VertleRaid-XCdelaVallee,10KMDENUIT
2016-08-20,TimbermanTriathlon,SPRINTTRIATHLON
2016-08-20,VertleRaid-XCdelaVallee,35KM
2016-08-20,VertleRaid-XCdelaVallee,10KM
2016-08-21,EdmontonMarathon,MARATHON
2016-08-21,Ironman70.3Timberman,INDIVIDUAL
2016-08-21,VertleRaid-XCdelaVallee,21KM
2016-08-21,VertleRaid-XCdelaVallee,TRANS-VALLEE
2016-08-21,VertleRaid-XCdelaVallee,TRANS-EXPRESS
2016-08-24,IronmanMont-Tremblant,OVERALLRESULTS
2016-08-27,MarathonSSQLévis-Québec,COURSEDESJEUNESTANGUAY
2016-08-27,MudHeroTorontoNorth,6KMOBSTACLECOURSE
2016-08-27,OttawaCraftBeerRun,5KM
2016-08-28,CornwallTRIATHLON,SPRINTTRIATHLON
2016-08-28,MarathonSSQLévis-Québec,MARATHON
2016-08-28,MarathonSSQLévis-Québec,10KMOASIS
2016-08-28,MarathonSSQLévis-Québec,DEMI-MARATHON
2016-09-03,CanadianIron113TriathlonDuathlonandRelays,OLYMPICTRIATHLON
2016-09-03,DÉFIPOPULAIREDELAVALLÉEDURICHELIEU,TRIATHLOND3COUVERTE
2016-09-03,DÉFIPOPULAIREDELAVALLÉEDURICHELIEU,TRIATHLONSPRINT
2016-09-03,FestivalXTERRAQuébec,SWIMRUNSTANDARD
2016-09-03,GUELPHLAKEIISubaruTriathlon,SPRINTTRIATHLON
2016-09-04,CoursesThematiques30kmsurlesrivesdeBoucherville,30KM
2016-09-04,CoursesThematiques30kmsurlesrivesdeBoucherville,15KM
2016-09-04,CoursesThematiques30kmsurlesrivesdeBoucherville,5KM
2016-09-04,CoursesThematiques30kmsurlesrivesdeBoucherville,10KM
2016-09-04,FestivalXTERRAQuébec,XTERRACOURT
2016-09-10,TriathlonEspritdeMontreal,DUATHLONSPRINTSANSSILLONNAGE
2016-09-10,TriathlonEspritdeMontreal,DEMIESPRIT
2016-09-10,TriathlonEspritdeMontreal,DUATHLONSPRINTAVECSILLONNAGE
2016-09-10,Ultra-TrailHarricanaduCanada(UTHC),UTHC28
2016-09-10,Ultra-TrailHarricanaduCanada(UTHC),UTHC80
2016-09-10,Ultra-TrailHarricanaduCanada(UTHC),UTHC65
2016-09-10,Ultra-TrailHarricanaduCanada(UTHC),UTHC125
2016-09-10,Ultra-TrailHarricanaduCanada(UTHC),UTHC10
2016-09-11,LACOURSEDELAFONDATIONHOTEL-DIEU-DE-SOREL,10.5KM-COURSE
2016-09-11,LACOURSEDELAFONDATIONHOTEL-DIEU-DE-SOREL,21KM
2016-09-11,SaskatchewanCreditUnionsQueenCityMarathon,SASKATCHEWANCREDITUNIONS42.2KRUN
2016-09-11,TriathlonEspritdeMontreal,TRIATHLONOLYMPIQUE
2016-09-11,TriathlonEspritdeMontreal,TRIATHLONSPRINT
2016-09-11,TriathlonEspritdeMontreal,TRIATHLONOLYMPIQUE-WETSUIT
