2012-01-23,CRUISETORUN,2012012300000
2012-01-27,CRUISETORUNBARBADOS5K,2012012700001
2012-01-28,LENORVEGIEN-COUPEDESMAITRESJOUR1,2012012800002
2012-01-29,LENORVEGIEN-COUPEDESMAITRESJOUR2,2012012900003
2012-02-04,WINTERLUDETRIATHLONBALDENEIGE,2012020400004
2012-02-18,DEMIMARATHONHYPOTHERMIQUE,2012021800005
2012-02-18,GATINEAULOPPET-KESKINADA,2012021800006
2012-02-19,DÉFIHIVERNALILEBIZARD,2012021900007
2012-02-19,GATINEAULOPPET-KESKINADA,2012021900008
2012-02-19,WINTERMANMARATHONANDMARATHONRELAYS,2012021900009
2012-02-26,MORIN-HEIGHTSVIKINGLOPPET,2012022600010
2012-03-04,CHILLYHALFMARATHON&FROSTY5KM,2012030400011
2012-03-17,TOURDUMONT-VALIN,2012031700012
2012-03-18,ACHILLESST.PATRICK'SDAY5KMRUN/WALK,2012031800013
2012-03-25,AROUNDTHEBAYROADRACES,2012032500014
2012-03-25,COURSEETMARCHEPOPULAIRESDELASALLE,2012032500015
2012-04-01,IRONMANLONESTAR70.3,2012040100016
2012-04-07,HARRY'SSPRINGRUNOFF,2012040700017
2012-04-15,RUNFORRETINA,2012041500018
2012-04-15,VANCOUVERSUNRUN,2012041500019
2012-04-22,COURSESAINT-LAURENT,2012042200020
2012-04-22,OTTAWAPHYSIORACE,2012042200021
2012-04-22,SMITHFALLSSPRINGFLINGRUNNINGTHING,2012042200022
2012-04-22,TORONTOYONGESTREET10K,2012042200023
2012-04-28,"RUNTOENDMSHALF-MARATHON,5KMAND10KM",2012042800024
2012-04-29,BANQUESCOTIA21KMET5KM,2012042900025
2012-04-29,COURSEPRINTANIEREOKA,2012042900026
2012-05-05,MISSISSAUGAMARATHONRACES,2012050500027
2012-05-05,NORTHFACEENDURANCECHALLENGE-NORTHEASTREGIONAL,2012050500028
2012-05-05,WAKEFIELDCOVEREDBRIDGERUN,2012050500029
2012-05-06,BMOVANCOUVERMARATHON,2012050600030
2012-05-06,COURSEDUFORTDECHAMBLY,2012050600031
2012-05-06,DEMIMARATHONINTERNATIONALDEQUEBEC,2012050600032
2012-05-06,DÉFICOURSEETMARCHEDESJARDINSSAINTETHÉRÈSE,2012050600033
2012-05-06,"GOODLIFETORONTOMARATHON,HALFMARATHON,AND5K",2012050600034
2012-05-06,MISSISSAUGAMARATHONRACES,2012050600035
2012-05-12,COURSEDELAFONDATIONHOPITALSAINTJEROME,2012051200036
2012-05-12,LECHALLENGEIRCM-COURIRPOURLAVIE,2012051200037
2012-05-13,AURYTHMEDENOSFOULÉESCHÂTEAUGUAY,2012051300038
2012-05-13,BONJOURPRINTEMPS,2012051300039
2012-05-13,DEFIGERARDCOTEDEST-HYACINTHE,2012051300040
2012-05-13,SPORTINGLIFE10K,2012051300041
2012-05-19,COLONELBYCLASSIC,2012051900042
2012-05-19,OTTAWAEARLYBIRDTRIATHLONANDDUATHLON,2012051900043
2012-05-20,COUPEDIX302012,2012052000044
2012-05-20,DESCHENESTOI,2012052000045
2012-05-20,DUATHLONSOREL-TRACY,2012052000046
2012-05-20,GRANDPRIXCYCLISTEDEGATINEAU,2012052000047
2012-05-20,IRONMANFLORIDA70.3,2012052000048
2012-05-20,LETOURDELAPOINTE,2012052000049
2012-05-20,SCOTIABANKBLUENOSEMARATHON,2012052000050
2012-05-26,DEFIMEMPHRE,2012052600051
2012-05-26,DEFIPHYSIOEXTRADETERREBONNE,2012052600052
2012-05-26,DEMIMARATHONGENERATIONS,2012052600053
2012-05-26,OTTAWARACEWEEKEND,2012052600054
2012-05-27,DEFIBAREFOOTMERRELL,2012052700055
2012-05-27,OTTAWARACEWEEKEND,2012052700056
2012-05-27,SASKATCHEWANMARATHON,2012052700057
2012-05-27,TORONTOWOMEN'SHALFMARATHON&5K,2012052700058
2012-05-27,TRIATHLONDUATHLOND'OKA,2012052700059
2012-06-02,COURSEDESILES,2012060200060
2012-06-02,WELLINGTONWOMEN'SHALFMARATHONANDHALFAHALF,2012060200061
2012-06-03,BEATBEETHOVEN8KMRUN,2012060300062
2012-06-03,BREADANDHONEYRACES,2012060300063
2012-06-03,DEFIDESESCALIERS,2012060300064
2012-06-03,DÉFITRI-O-LACS,2012060300065
2012-06-03,IRONMAN70.3MOOSEMAN,2012060300066
2012-06-03,TRIATHLONDEJOLIETTE,2012060300067
2012-06-09,BARRHAVENRUNFORROGER'SHOUSE,2012060900068
2012-06-09,FOOTSTOCKRACEWEEKEND,2012060900069
2012-06-09,OTTAWARIVERTRIATHLON&DUATHLON,2012060900070
2012-06-09,TRIATHLON/DUATHLONMONT-TREMBLANT,2012060900071
2012-06-10,DEMIMARATHONDESPOMPIERSDESHAWINIGAN,2012061000072
2012-06-10,LAGRANDEVIREEDESSENTIERSST-BRUNO,2012061000073
2012-06-10,RUNWALK4PATRICKFAMILYFEST,2012061000074
2012-06-16,SUBARUGUELPHLAKEISPRINTTRIATHLON&DUATHLON,2012061600075
2012-06-16,TOURDULACBROME,2012061600076
2012-06-16,TRIATHLONDRUMMONDVILLE,2012061600077
2012-06-16,TRIATHLONLACBEAUPORT,2012061600078
2012-06-17,DESCENTEROYALE,2012061700079
2012-06-17,MANITOBAMARATHON,2012061700080
2012-06-17,SUBARUGUELPHLAKEITRIATHLON&DUATHLON,2012061700081
2012-06-17,TOURDULACBROME,2012061700082
2012-06-23,LEDEFIBEAUCERON,2012062300083
2012-06-23,MULTISPORTCANADATRIATHLONSERIESWELLANDTRI/DU&GIVE-IT-A-TRI,2012062300084
2012-06-23,TORONTOPEARSONRUNWAYRUN,2012062300085
2012-06-24,COUPEDIX302012,2012062400086
2012-06-24,IRONMANMONT-TREMBLANT70.3,2012062400087
2012-06-24,MULTISPORTCANADATRIATHLONSERIESWELLANDTRI/DU&GIVE-IT-A-TRI,2012062400088
2012-06-24,SCOTIABANKVANCOUVERHALFMARATHON&5K,2012062400089
2012-06-24,SMITHSFALLSCLASSICTRIATHLON/DUATHLON&RELAY,2012062400090
2012-06-30,DEMIMARATHONDESHERBROOKE,2012063000091
2012-06-30,PRIDEANDREMEMBRANCERUN,2012063000092
2012-06-30,TRIATHLONACADEMIESTE-THERESE/VILLEDEBLAINVILLE,2012063000093
2012-06-30,TUPPERLAKETINMANTRIATHLON,2012063000094
2012-07-01,BUSHTUKAH-CANADADAYROADRACES,2012070100095
2012-07-01,CANADADAY5K,2012070100096
2012-07-07,MIKECOLLINGWOODMEECHLAKETRIATHLON,2012070700097
2012-07-07,TRIATHLONDEGATINEAU,2012070700098
2012-07-07,TRIATHLONDESAGUENAY,2012070700099
2012-07-08,COUPEDIX302012,2012070800100
2012-07-08,CYCLO-ORFORD,2012070800101
2012-07-08,IRONMAN70.3RHODEISLAND,2012070800102
2012-07-14,BUSHTUKAHBRINGONTHEBAY3KOPENWATERSWIMFOREASTERSEALS,2012071400103
2012-07-14,DEMI-MARATHONMARCELJOBIN,2012071400104
2012-07-14,TRIATHLONST-LAMBERT,2012071400105
2012-07-15,DEFIDESDAMESDECOEUR,2012071500106
2012-07-15,THEFRIENDLYMASSEYMARATHON,2012071500107
2012-07-15,TRIATHLONO2DESHERBROOKE,2012071500108
2012-07-15,TRIATHLONDEQUEBEC,2012071500109
2012-07-19,DOWNTOWNDASH,2012071900110
2012-07-22,COUPEDIX302012,2012072200111
2012-07-22,IRONMANLAKEPLACID,2012072200112
2012-07-22,LINDSAYMILKRUN,2012072200113
2012-07-22,SUBARUMUSKOKATRIATHLONANDDUATHLON,2012072200114
2012-07-22,TRIATHLONTRIMEMPHREDEMAGOG,2012072200115
2012-07-28,MULTISPORTCANADATRIATHLONSERIESCOBOURG,2012072800116
2012-08-04,NATIONALCAPITAL5AND10KMRUN,2012080400117
2012-08-04,NATIONALCAPITALTRIATHLONDUATHLONANDRELAYS,2012080400118
2012-08-05,DEEPRIVERTRIATHLON,2012080500119
2012-08-05,DÉFIBORÉALSAINTE-ANNE-DE-BELLEVUE,2012080500120
2012-08-05,K-TOWNTRIATHLONANDDUATHLON,2012080500121
2012-08-05,TRIATHLONSTE-AGATHE,2012080500122
2012-08-05,TRIATHLONTERREBONNE,2012080500123
2012-08-11,IRONMANU.S.CHAMPIONSHIPS,2012081100124
2012-08-11,TRIATHLONPROMUTUELDUFJORD,2012081100125
2012-08-12,DEMI-MARATHONDUMONT-TREMBLANT,2012081200126
2012-08-12,GRANFONDOGARNEAU-CASCADES,2012081200127
2012-08-12,GREATRAISINRIVERFOOTRACE,2012081200128
2012-08-12,TORONTOINTERNATIONALTENMILERAND5K,2012081200129
2012-08-12,TRIATHLONDEVERDUN,2012081200130
2012-08-15,LE5KMENDURANCE,2012081500131
2012-08-18,AMIDSUMMERNIGHTSRUN,2012081800132
2012-08-19,APPLETRIATHLON,2012081900133
2012-08-19,COUPEDIX302012,2012081900134
2012-08-19,EDMONTONMARATHON,2012081900135
2012-08-19,IRONMAN70.3TIMBERMAN,2012081900136
2012-08-19,IRONMANMONT-TREMBLANT,2012081900137
2012-08-25,TORONTOWOMENS10K&5K,2012082500138
2012-08-26,IRONMANCANADA,2012082600139
2012-08-26,IRONMANLOUISVILLE,2012082600140
2012-08-26,MARATHONDESDEUXRIVESLÉVIS-QUÉBEC,2012082600141
2012-08-26,TRIATHLONDEVALLEYFIELD,2012082600142
2012-09-01,CANADIANIRON226TRIATHLONDUATHLONANDRELAYS,2012090100143
2012-09-01,SUBARUGUELPHLAKEIITRIATHLONANDDUATHLON,2012090100144
2012-09-01,THECANADIANMARATHONHALFMARATHON8KMAND3KMRUNS,2012090100145
2012-09-08,KEMPTVILLERACEDAY,2012090800146
2012-09-08,RBCGRANFONDOCANADAWHISTLER,2012090800147
2012-09-08,TRIATHLONESPRITDEMONTREAL,2012090800148
2012-09-09,CANMOREROCKYMOUNTAINHALFMARATHON,2012090900149
2012-09-09,DEMI-MARATHONGRANBY,2012090900150
2012-09-09,IRONMANMUSKOKA70.3,2012090900151
2012-09-09,IRONMANWORLDCHAMPIONSHIP70.3,2012090900152
2012-09-09,QUEENCITYMARATHON,2012090900153
2012-09-15,DUATHLONST-SAUVEUR,2012091500154
2012-09-16,LAGRANDEVADROUILLE,2012091600155
2012-09-22,DEFIVELOMAG,2012092200156
2012-09-22,OASISZOORUN10KRUN5KRUN,2012092200157
2012-09-23,ARMYRUN/COURSEDELARMEE,2012092300158
2012-09-23,DEFIVELOMAG,2012092300159
2012-09-23,ISLANDGIRLHALFMARATHON,2012092300160
2012-09-23,MARATHON OASIS DE MONTREAL,2012092300161
2012-09-23,MARATHONOASISDEMONTREAL,2012092300161
2012-09-23,THERUNFORGRAPES1/2MARATHON&AMP;5KMRUN,2012092300162
2012-09-29,WAKEFIELDMOONLIGHTRIVERRUN,2012092900163
2012-09-30,IRONMAN70.3POCONOMOUNTAINS,2012093000164
2012-09-30,MARATHONDERIMOUSKI,2012093000165
2012-09-30,SOUTHOTTAWARACEDAYHALFMARATHON,2012093000166
2012-09-30,SURREYINTERNATIONALMUSICMARATHON,2012093000167
2012-10-06,DR.KIMARMTRONGTURKEYTROT,2012100600168
2012-10-07,BMOOKANAGANMARATHON,2012100700169
2012-10-07,DEMIMARATHONDESCOULEURSDEBECANCOUR,2012100700170
2012-10-07,GOODLIFEFITNESSVICTORIAMARATHON,2012100700171
2012-10-07,LAPETITEDERNIERE,2012100700172
2012-10-07,LECROSSDESCOULEURS,2012100700173
2012-10-07,OTTAWAFALLCOLOURSMARATHONEVENTS,2012100700174
2012-10-14,CLASSIQUEDUPARCLAFONTAINE,2012101400175
2012-10-14,DEFIDUTOURDULACBEAUPORT,2012101400176
2012-10-14,NIKEWOMEN'SMARATHON,2012101400177
2012-10-14,SCOTIABANKTORONTOWATERFRONTMARATHON,2012101400178
2012-10-14,THECOUNTYMARATHON,2012101400179
2012-10-20,9RUNRUN,2012102000180
2012-10-20,CROSS-COUNTRYSAINT-LAURENTSELECT,2012102000181
2012-10-21,NIAGARAFALLSINTERNATIONALMARATHON,2012102100182
2012-10-27,OTTAWABEATBEETHOVEN,2012102700183
2012-10-28,IRONMAN70.3MIAMI,2012102800184
2012-10-28,RATTLEMEBONES5AND10KM,2012102800185
2012-11-03,HEATHERSAALTINKMEMORIALRUN,2012110300186
2012-11-04,OKAROADRACE,2012110400187
2012-11-18,FATASSTRAILRUN,2012111800188
2012-12-02,CAYMANISLANDSMARATHON,2012120200189
2012-12-02,RIRASANTA5K,2012120200190
2012-12-09,HONOLULUMARATHON,2012120900191
2013-01-28,CRUISETORUN,2013012800192
2013-02-01,CRUISETORUN,2013020100193
2013-02-02,WINTERLUDETRIATHLONBALDENEIGE,2013020200194
2013-02-16,GATINEAULOPPET,2013021600195
2013-02-17,DEMIMARATHONHYPOTHERMIQUE,2013021700196
2013-02-17,DÉFIHIVERNALILEBIZARD,2013021700197
2013-02-17,GATINEAULOPPET,2013021700198
2013-02-17,WINTERMANMARATHONANDMARATHONRELAYS,2013021700199
2013-02-24,MORIN-HEIGHTSVIKINGLOPPET,2013022400200
2013-02-24,YMCAOFPETERBOROUGHHALF-MARATHONAND5KM,2013022400201
2013-03-02,DEFINORDIQUE,2013030200202
2013-03-02,PENTATHLONDESNEIGES,2013030200203
2013-03-03,CHILLYHALFMARATHON&FROSTY5KM,2013030300204
2013-03-03,DEFINORDIQUE,2013030300205
2013-03-03,PENTATHLONDESNEIGES,2013030300206
2013-03-10,OKASKIMARATHON,2013031000207
2013-03-16,TOURDUMONT-VALIN,2013031600208
2013-03-17,IRONMAN70.3SANJUAN,2013031700209
2013-03-24,AROUNDTHEBAYROADRACES,2013032400210
2013-03-24,COURSEETMARCHEPOPULAIRESDELASALLE,2013032400211
2013-03-30,IRONMAN70.3CALIFORNIAOCEANSIDE,2013033000212
2013-04-06,HARRY'SSPRINGRUNOFF,2013040600213
2013-04-07,IRONMAN70.3TEXAS,2013040700214
2013-04-14,COURSESAINT-LAURENT,2013041400215
2013-04-14,RUNFORRETINA,2013041400216
2013-04-21,COURSEPRINTANIEREOKA,2013042100217
2013-04-21,MERCEDES-BENZ10K,2013042100218
2013-04-21,TORONTOYONGESTREET10K,2013042100219
2013-04-21,VANCOUVERSUNRUN,2013042100220
2013-04-27,"RUNTOENDMSHALF-MARATHON,5KMAND10KM",2013042700221
2013-04-28,BANQUESCOTIA21KMET5KM,2013042800222
2013-04-28,COURSEDUCEGEPTROIS-RIVIERES,2013042800223
2013-05-05,BMOVANCOUVERMARATHON,2013050500224
2013-05-05,COURSESTE-AGATHE,2013050500225
2013-05-05,DEMIMARATHONINTERNATIONALOASISDELEVIS,2013050500226
2013-05-05,DÉFICOURSEETMARCHEDESJARDINSSAINTETHÉRÈSE,2013050500227
2013-05-05,"GOODLIFETORONTOMARATHON,HALFMARATHON,AND5K",2013050500228
2013-05-05,MISSISSAUGAMARATHONRACES,2013050500229
2013-05-05,PUERTORICOMARATHONANDHALFMARATHON,2013050500230
2013-05-11,COURSEDELAFONDATIONHOPITALSAINTJEROME,2013051100231
2013-05-11,DAYBEFOREMOTHER'SDAYDUATHLON&RELAYS,2013051100232
2013-05-11,LECHALLENGEIRCM-COURIRPOURLAVIE,2013051100233
2013-05-12,AURYTHMEDENOSFOULÉESCHÂTEAUGUAY,2013051200234
2013-05-12,BONJOURPRINTEMPS,2013051200235
2013-05-12,DEFIGERARDCOTEDEST-HYACINTHE,2013051200236
2013-05-12,SPORTINGLIFE10K,2013051200237
2013-05-16,COURSEPLESSISVILLEENSOIREE,2013051600238
2013-05-18,OTTAWAEARLYBIRDTRIATHLONANDDUATHLON,2013051800239
2013-05-19,DESCHENESTOI,2013051900240
2013-05-19,DUATHLONSOREL-TRACY,2013051900241
2013-05-19,IRONMANFLORIDA70.3,2013051900242
2013-05-19,SCOTIABANKBLUENOSEMARATHON,2013051900243
2013-05-19,VERTLERAID-LESENTIERURBAIN,2013051900244
2013-05-20,SUBARUVICTORIA'SDUATHLON,2013052000245
2013-05-25,DEFIMEMPHRE,2013052500246
2013-05-25,DEMIMARATHONGENERATIONS,2013052500247
2013-05-25,FESTIVALQUEBECENSANTE10KMDUBONHEUR,2013052500248
2013-05-25,OTTAWARACEWEEKEND,2013052500249
2013-05-26,COURSEPOURVAINCRELASCLEROSEENPLAQUESMONT-TREMBLANT,2013052600250
2013-05-26,OTTAWARACEWEEKEND,2013052600251
2013-05-26,TORONTOWOMEN'SHALFMARATHON&5K,2013052600252
2013-05-26,TRIATHLONDUATHLOND'OKA,2013052600253
2013-06-01,DEFIPHYSIOEXTRADETERREBONNE,2013060100254
2013-06-01,IRONMAN70.3HAWAII,2013060100255
2013-06-01,MUDHEROOTTAWA,2013060100256
2013-06-02,BEATBEETHOVEN8KMRUN,2013060200257
2013-06-02,BREADANDHONEYRACES,2013060200258
2013-06-02,COURSED'ETEDESILESDEBOUCHERVILLE,2013060200259
2013-06-02,COURSEDELABATAILLEDESPLAINES,2013060200260
2013-06-02,DEFIVINCENTROY,2013060200261
2013-06-02,DÉFITRI-O-LACS,2013060200262
2013-06-02,SUBARUMILTONTRIATHLON,2013060200263
2013-06-02,TRIATHLONDEJOLIETTE,2013060200264
2013-06-02,VERTLERAID-TRAILLACLINIQUEDUCOUREUR,2013060200265
2013-06-08,BARRHAVENRUNFORROGER'SHOUSE,2013060800266
2013-06-08,MULTISPORTCANADATRIATHLONSERIESBINBROOK,2013060800267
2013-06-08,OTTAWARIVERTRIATHLON&DUATHLON,2013060800268
2013-06-08,TRIATHLON/DUATHLONMONT-TREMBLANT,2013060800269
2013-06-09,8THANNUALRUNWALK4PATRICKFAMILYFEST,2013060900270
2013-06-09,DEFIDEUX-MONTAGNES,2013060900271
2013-06-09,DEFITRIATHLONOPTIMISTEDELACHINE,2013060900272
2013-06-09,DEMIMARATHONDESPOMPIERSDESHAWINIGAN,2013060900273
2013-06-09,LAGRANDEVIREEDESSENTIERSST-BRUNO,2013060900274
2013-06-15,METCONBLUEADVENTURERACE,2013061500275
2013-06-15,MUDHEROMONTREAL,2013061500276
2013-06-15,SUBARUGUELPHLAKEISPRINTTRIATHLON&DUATHLON,2013061500277
2013-06-15,TORONTOPEARSONRUNWAYRUN,2013061500278
2013-06-15,TOURDULACBROME,2013061500279
2013-06-15,TRIATHLONFBLDRUMMONDVILLE,2013061500280
2013-06-15,TRIATHLONLACBEAUPORT,2013061500281
2013-06-16,BARRIEHALFMARATHON,2013061600282
2013-06-16,DEFIDESESCALIERS,2013061600283
2013-06-16,LAFOULEEDESPARCS,2013061600284
2013-06-16,MANITOBAMARATHON,2013061600285
2013-06-16,SAUNDERSSUBARUVICTORIATRIATHLON,2013061600286
2013-06-16,TOURDULACBROME,2013061600287
2013-06-22,LEDEFIBEAUCERON,2013062200288
2013-06-22,SPORTS4EMILIE’SRUN,2013062200289
2013-06-22,TRIATHLON-DUATHLONTROIS-RIVIERES,2013062200290
2013-06-23,IRONMANMONT-TREMBLANT70.3,2013062300291
2013-06-23,IRONMANSYRACUSE70.3,2013062300292
2013-06-23,MULTISPORTCANADATRIATHLONSERIESWELLANDTRI/DU&GIVE-IT-A-TRI,2013062300293
2013-06-23,SCOTIABANKVANCOUVERHALFMARATHON,2013062300294
2013-06-29,DEMIMARATHONDESHERBROOKE,2013062900295
2013-06-29,PRIDEANDREMEMBRANCERUN,2013062900296
2013-06-29,TUPPERLAKETINMANTRIATHLON,2013062900297
2013-06-30,TRIATHLONACADEMIESTE-THERESE/VILLEDEBLAINVILLE,2013063000298
2013-06-30,TRIATHLONVICTORIAVILLE,2013063000299
2013-07-01,CGCOTTAWAGAMEOFLIFE5K&10KRUN/WALK,2013070100300
2013-07-06,COURSEDUFESTIVALCHAMPETREDESAINT-THECLE,2013070600301
2013-07-06,MIKECOLLINGWOODMEECHLAKETRIATHLON,2013070600302
2013-07-06,MUDHEROHALIFAX,2013070600303
2013-07-06,TRIATHLONDEGATINEAU,2013070600304
2013-07-06,TRIATHLONDESAGUENAY,2013070600305
2013-07-07,FORTDANSLACOURSE,2013070700306
2013-07-13,BUSHTUKAHBRINGONTHEBAY3KOPENWATERSWIM,2013071300307
2013-07-13,KNEEKNACKERINGNORTHSHORETRAILRUN,2013071300308
2013-07-13,OTTAWABICYCLECLUBGRANDPRIX,2013071300309
2013-07-13,TRIATHLONDULAC-DELAGE,2013071300310
2013-07-13,VERTLERAID-QUEBECMEGATRAIL,2013071300311
2013-07-14,CHALLENGEO2MERRELL,2013071400312
2013-07-14,DEFIDESDAMESDECOEUR,2013071400313
2013-07-14,"GRAHAMBEASLEYTRIATHLON,DUATHLON&RELAYS",2013071400314
2013-07-20,ACROSSTHELAKESWIM,2013072000315
2013-07-21,CYCLO-ORFORD,2013072100316
2013-07-21,LINDSAYMILKRUN,2013072100317
2013-07-21,THEFRIENDLYMASSEYMARATHON,2013072100318
2013-07-21,TRIATHLONVERDUN,2013072100319
2013-07-27,FESTI-BEACHDULACALATORTUE,2013072700320
2013-07-28,IRONMANLAKEPLACID,2013072800321
2013-07-28,TRIATHLONCHARLEVOIX,2013072800322
2013-08-03,NATIONALCAPITAL5AND10KMRUN,2013080300323
2013-08-03,NATIONALCAPITALTRIATHLONDUATHLONANDRELAYS,2013080300324
2013-08-03,VERTLERAID-DEMI-MARATHONDEL'ISLE-AUX-COUDRES,2013080300325
2013-08-04,DÉFIBORÉALSAINTE-ANNE-DE-BELLEVUE,2013080400326
2013-08-04,IRONMAN70.3STEELHEAD,2013080400327
2013-08-04,K-TOWNTRIATHLONANDDUATHLON,2013080400328
2013-08-04,MUSKOKAROCKS5&10K,2013080400329
2013-08-04,TRIATHLONSTE-AGATHE,2013080400330
2013-08-04,TRIATHLONTERREBONNE,2013080400331
2013-08-10,LARUEEDESJARRETS,2013081000332
2013-08-10,SEAWHEEZEHALFMARATHON,2013081000333
2013-08-10,TRIATHLONPROMUTUELDUFJORD,2013081000334
2013-08-11,DEMI-MARATHONDUMONT-TREMBLANT,2013081100335
2013-08-11,GRANFONDOGARNEAU-CASCADES,2013081100336
2013-08-11,GREATRAISINRIVERFOOTRACE,2013081100337
2013-08-11,IRONGIRLTRIFORACURE,2013081100338
2013-08-11,TRIATHLONTRIMEMPHREDEMAGOG,2013081100339
2013-08-14,LE5KMENDURANCE,2013081400340
2013-08-16,VERTLERAID-XCDELAVALLEE,2013081600341
2013-08-17,AMIDSUMMERNIGHTSRUN,2013081700342
2013-08-17,TIMBERMANSPRINTTRIATHLON,2013081700343
2013-08-17,VERTLERAID-XCDELAVALLEE,2013081700344
2013-08-18,IRONMAN70.3TIMBERMAN,2013081800345
2013-08-18,IRONMANMONT-TREMBLANT,2013081800346
2013-08-18,THOUSANDISLANDTRIATHLON/DUATHLONANDRELAY,2013081800347
2013-08-18,VERTLERAID-XCDELAVALLEE,2013081800348
2013-08-24,MUDHERO,2013082400349
2013-08-24,TORONTOWOMENS10K&5K,2013082400350
2013-08-24,TRIATHLONSAINTE-ADELE,2013082400351
2013-08-25,CORNWALLTRIATHLON,2013082500352
2013-08-25,EDMONTONMARATHON,2013082500353
2013-08-25,IRONMANCANADA,2013082500354
2013-08-25,IRONMANLOUISVILLE,2013082500355
2013-08-25,LAVALSEDESCOUREURS,2013082500356
2013-08-25,MARATHONDESDEUXRIVESLÉVIS-QUÉBEC,2013082500357
2013-08-25,MULTISPORTCANADATRIATHLONSERIESTORONTOISLAND,2013082500358
2013-08-25,TRIATHLONDEVALLEYFIELD,2013082500359
2013-08-25,VERTLERAID-RAIDBRAS-DU-NORD,2013082500360
2013-08-31,CANADIANIRON226TRIATHLONDUATHLONANDRELAYS,2013083100361
2013-08-31,SUBARUGUELPHLAKEIITRIATHLONANDDUATHLON,2013083100362
2013-08-31,THECANADIANMARATHONHALFMARATHON8KMAND3KMRUNS,2013083100363
2013-09-02,DEFIPOPULAIRECOURSE/DUATHLON/TRIATHLONLAVALLEEDURICHELIEU,2013090200364
2013-09-07,DEFIJEBOUGE,2013090700365
2013-09-07,LEPENTATHLONDEVICTORIAVILLE,2013090700366
2013-09-07,TRIATHLONESPRITDEMONTREAL,2013090700367
2013-09-07,ULTRA-TRAILHARRICANADECHARLEVOIX,2013090700368
2013-09-08,B&OYORKVILLERUN,2013090800369
2013-09-08,CANMOREROCKYMOUNTAINHALFMARATHON,2013090800370
2013-09-08,DEMI-MARATHONGRANBY,2013090800371
2013-09-08,IRONMAN70.3MUSKOKA,2013090800372
2013-09-08,IRONMAN70.3WORLDCHAMPIONSHIP,2013090800373
2013-09-08,RUNFORTHEANIMALS,2013090800374
2013-09-14,CYCLOLA*MONTREALAISE,2013091400375
2013-09-14,DUATHLONSAINT-SAUVEUR,2013091400376
2013-09-14,GRANFONDONIAGARAFALLS,2013091400377
2013-09-15,LAGRANDEVADROUILLE,2013091500378
2013-09-21,DEFIVELOMAG,2013092100379
2013-09-21,OASISZOORUN,2013092100380
2013-09-22,ARMYRUN-COURSEDEL'ARMEE,2013092200381
2013-09-22,DEFIVELOMAG,2013092200382
2013-09-22,MARATHON OASIS DE MONTREAL,2013092200383
2013-09-22,MARATHONOASISDEMONTREAL,2013092200383
2013-09-22,NUTRIENCEOAKVILLEHALF-MARATHONAND10KM,2013092200384
2013-09-28,MELISSA'SROADRACE,2013092800385
2013-09-28,WAKEFIELDMOONLIGHTRIVERRUN,2013092800386
2013-09-29,COURSESTE-SOPHIE,2013092900387
2013-09-29,COURSEPOPULAIREDUPARCANGRIGNON,2013092900388
2013-09-29,LASTCHANCETRIATHLON,2013092900389
2013-09-29,UNPASVERSL'ESPOIR,2013092900390
2013-10-05,ALUNGRUN,2013100500391
2013-10-05,BEAUCERUN,2013100500392
2013-10-06,CLASSIQUEDUPARCLAFONTAINE,2013100600393
2013-10-06,MARATHONDERIMOUSKI,2013100600394
2013-10-06,MONTREALCIBCRUNFORTHECURE,2013100600395
2013-10-06,THECOUNTYMARATHON,2013100600396
2013-10-12,FALLCOLOURSDUATHLON,2013101200397
2013-10-12,IRONMANWORLDCHAMPIONSHIP,2013101200398
2013-10-13,BMOOKANAGANMARATHON,2013101300399
2013-10-13,DEMIMARATHONDESCOULEURSDEBECANCOUR,2013101300400
2013-10-13,LECROSSDESCOULEURS,2013101300401
2013-10-13,OTTAWAFALLCOLOURSMARATHONEVENTS,2013101300402
2013-10-19,9RUNRUN,2013101900403
2013-10-19,CROSS-COUNTRYSAINT-LAURENTSELECT,2013101900404
2013-10-20,DEFIDUTOURDULACBEAUPORT,2013102000405
2013-10-20,SCOTIABANKTORONTOWATERFRONTMARATHON,2013102000406
2013-10-26,COURSE10KMAPOCALYPSE/COURSEDESCITROUILLES,2013102600407
2013-10-26,DEFICOURSESDUFESTIVALDECHASSEDELAHAUTE-SAINT-MAURICE,2013102600408
2013-10-26,OTTAWABEATBEETHOVEN,2013102600409
2013-10-27,IRONMAN70.3AUSTIN,2013102700410
2013-10-27,IRONMAN70.3MIAMI,2013102700411
2013-10-27,NIAGARAFALLSINTERNATIONALMARATHON,2013102700412
2013-10-27,RATTLEMEBONES5AND10KM,2013102700413
2013-11-02,COURSEDUPORTAGEUR,2013110200414
2013-11-02,HEATHERSAALTINKMEMORIALRUN,2013110200415
2013-11-02,IRONMANFLORIDA,2013110200416
2013-11-03,OKAROADRACE,2013110300417
2013-11-09,TIMHORTONSCASABLANCACLASSIC8&3K,2013110900418
2013-11-10,FATASSTRAILRUN,2013111000419
2013-11-23,LEDEFIDESPERESNOELDELAFONDATIONHOPITALPIERRE-BOUCHER,2013112300420
2013-12-08,HONOLULUMARATHON,2013120800421
2014-01-25,FROSTANDFIRETRIAND10K,2014012500422
2014-01-25,VERTLERAID-TRAILDELANUITPOLAIRE,2014012500423
2014-02-01,TRIATHLOND'HIVERSAINT-DONAT,2014020100424
2014-02-01,WINTERLUDETRIATHLONBALDENEIGE,2014020100425
2014-02-09,DEFIHIVERNALBIZZ-OR,2014020900426
2014-02-15,GATINEAULOPPET,2014021500427
2014-02-16,DEMIMARATHONHYPOTHERMIQUE,2014021600428
2014-02-16,DÉFIHIVERNALILEBIZARD,2014021600429
2014-02-16,GATINEAULOPPET,2014021600430
2014-02-16,WINTERMANMARATHONANDMARATHONRELAYS,2014021600431
2014-02-17,TIMHORTONSGRIMSBYHALFMARATHONANDFAMILYDAY10K&3K,2014021700432
2014-02-22,DEFINORDIQUE,2014022200433
2014-02-23,DEFINORDIQUE,2014022300434
2014-02-23,MORIN-HEIGHTSVIKINGLOPPET,2014022300435
2014-02-23,YMCAOFPETERBOROUGHHALF-MARATHONAND5KM,2014022300436
2014-03-02,OKASKIMARATHON,2014030200437
2014-03-08,TRIATHLOND'HIVERITU,2014030800438
2014-03-15,OTTAWASTPATRICK'SDAYRUN,2014031500439
2014-03-15,TOURDUMONTVALIN,2014031500440
2014-03-16,IRONMAN70.3MONTERREY,2014031600441
2014-03-29,IRONMAN70.3CALIFORNIAOCEANSIDE,2014032900442
2014-03-30,AROUNDTHEBAYROADRACES,2014033000443
2014-03-30,COURSEETMARCHEPOPULAIRESDELASALLE,2014033000444
2014-03-30,IRONMANLOSCABOS,2014033000445
2014-04-05,HARRY'SSPRINGRUNOFF,2014040500446
2014-04-05,JORDAN1KMAND5KM,2014040500447
2014-04-13,COURSESAINT-LAURENT,2014041300448
2014-04-13,IRONMAN70.3PUERTORICO,2014041300449
2014-04-13,SMITHFALLSSPRINGFLINGRUNNINGTHING,2014041300450
2014-04-13,TORONTOYONGESTREET10K,2014041300451
2014-04-20,COURSEPRINTANIEREOKA,2014042000452
2014-04-26,"RUNTOENDMSHALF-MARATHON,5KMAND10KM",2014042600453
2014-04-27,2014VANCOUVERSUNRUN,2014042700454
2014-04-27,BANQUESCOTIA21KMET5KM,2014042700455
2014-04-27,COURSEDUCEGEPTROIS-RIVIERES,2014042700456
2014-04-27,LIMESTONEHALF-MARATHONAND5KM,2014042700457
2014-04-27,MERCEDES-BENZ10K,2014042700458
2014-05-03,IRONMAN70.3ST.GEORGE,2014050300459
2014-05-03,MISSISSAUGAMARATHONRACES,2014050300460
2014-05-03,WAKEFIELDCOVEREDBRIDGERUN,2014050300461
2014-05-04,BMOVANCOUVERMARATHON,2014050400462
2014-05-04,COUPEDIX30,2014050400463
2014-05-04,COURSESTE-AGATHE,2014050400464
2014-05-04,DEMIMARATHONINTERNATIONALOASISDELEVIS,2014050400465
2014-05-04,DÉFICOURSEETMARCHEDESJARDINSSAINTETHÉRÈSE,2014050400466
2014-05-04,GOODLIFEFITNESSTORONTOMARATHON,2014050400467
2014-05-04,MISSISSAUGAMARATHONRACES,2014050400468
2014-05-10,BONJOURPRINTEMPS,2014051000469
2014-05-10,COURSEDELAFONDATIONHOPITALSAINTJEROME,2014051000470
2014-05-10,LECHALLENGEIRCM-COURIRPOURLAVIE,2014051000471
2014-05-11,AURYTHMEDENOSFOULÉESCHÂTEAUGUAY,2014051100472
2014-05-11,DEFIGERARDCOTEDEST-HYACINTHE,2014051100473
2014-05-11,LACOURSEDEFISANTEDEMORTAGNE,2014051100474
2014-05-11,SPORTINGLIFE10K,2014051100475
2014-05-14,COURSEMECQUEBEC#2,2014051400476
2014-05-15,DÉFISANTÉPLESSISVILLE,2014051500477
2014-05-17,DEFIMEMPHRE,2014051700478
2014-05-17,IRONMANTEXAS,2014051700479
2014-05-17,OTTAWAEARLYBIRDTRIATHLONANDDUATHLON,2014051700480
2014-05-18,COURSESTE-SOPHIE,2014051800481
2014-05-18,DESCHENESTOI,2014051800482
2014-05-18,DUATHLONSOREL-TRACY,2014051800483
2014-05-18,LETOURDELAPOINTE,2014051800484
2014-05-18,SCOTIABANKBLUENOSEMARATHON,2014051800485
2014-05-18,VERTLERAID-LESENTIERURBAIN,2014051800486
2014-05-19,TRAILDUCOUREURDESBOISDEDUCHESNAY,2014051900487
2014-05-24,TAMARACKOTTAWARACEWEEKEND,2014052400488
2014-05-25,COURSEPOURVAINCRELASCLEROSEENPLAQUESMONT-TREMBLANT,2014052500489
2014-05-25,DEFIDESSEMELLESD'ACTONVALE,2014052500490
2014-05-25,SASKATCHEWANMARATHON,2014052500491
2014-05-25,TAMARACKOTTAWARACEWEEKEND,2014052500492
2014-05-25,TORONTOWOMEN'SHALFMARATHON&5K,2014052500493
2014-05-25,TRIATHLONDUATHLOND'OKA,2014052500494
2014-05-31,DEFIPHYSIOEXTRADETERREBONNE,2014053100495
2014-05-31,DEMIMARATHONGENERATIONS,2014053100496
2014-05-31,DÉFITRI-O-LACS,2014053100497
2014-05-31,IRONMAN70.3HAWAII,2014053100498
2014-05-31,MUDHEROOTTAWA,2014053100499
2014-06-01,COURSED'ETEDESILESDEBOUCHERVILLE,2014060100500
2014-06-01,DESCENTEROYALE,2014060100501
2014-06-01,IRONMAN70.3RALEIGH,2014060100502
2014-06-01,NIAGARAFALLSWOMEN'SHALFMARATHON,2014060100503
2014-06-01,SUBARUMILTONTRIATHLON,2014060100504
2014-06-01,TRIATHLONDEJOLIETTE,2014060100505
2014-06-07,BARRHAVENRUNFORROGER'SHOUSE,2014060700506
2014-06-07,TOURDUCAPTOURMENTE,2014060700507
2014-06-07,VERTLERAID-TRAILLACLINIQUEDUCOUREUR,2014060700508
2014-06-08,9THANNUALRUN4PATRICK,2014060800509
2014-06-08,AVOTRERYTHME,2014060800510
2014-06-08,BREADANDHONEYRACES,2014060800511
2014-06-08,COURSEMECQUEBEC#3,2014060800512
2014-06-08,DEMIMARATHONDESPOMPIERSDESHAWINIGAN,2014060800513
2014-06-08,GRANDPRIXCYCLISTEDEGATINEAU,2014060800514
2014-06-08,IRONMAN70.3EAGLEMAN,2014060800515
2014-06-08,LAGRANDEVIREEDESSENTIERSST-BRUNO,2014060800516
2014-06-08,TRIATHLON/DUATHLONMONT-TREMBLANT,2014060800517
2014-06-14,MUDHEROMONTREAL,2014061400518
2014-06-14,OTTAWARIVERTRIATHLON&DUATHLON,2014061400519
2014-06-14,TORONTOPEARSONRUNWAYRUN,2014061400520
2014-06-14,TOURDULACBROME,2014061400521
2014-06-14,TRIATHLONFBLDRUMMONDVILLE,2014061400522
2014-06-15,DEFITRIATHLONOPTIMISTEDELACHINE,2014061500523
2014-06-15,DEFIDESESCALIERS,2014061500524
2014-06-15,LAFOULEEDESPARCS,2014061500525
2014-06-15,MANITOBAMARATHON,2014061500526
2014-06-15,MUDHEROMONTREAL,2014061500527
2014-06-15,MULTISPORTCANADATRIATHLONSERIESWELLANDTRI/DU&GIVE-IT-A-TRI,2014061500528
2014-06-15,TOURDULACBROME,2014061500529
2014-06-15,TRIATHLONLACBEAUPORT,2014061500530
2014-06-21,LEDEFIBEAUCERON,2014062100531
2014-06-21,SPORTS4EMILIE'SRUN,2014062100532
2014-06-21,TRIATHLON/DUATHLONTROIS-RIVIERES,2014062100533
2014-06-22,IRONMAN70.3SYRACUSE,2014062200534
2014-06-22,IRONMANMONT-TREMBLANT70.3,2014062200535
2014-06-22,SCOTIABANKVANCOUVERHALFMARATHON,2014062200536
2014-06-28,DEMIMARATHONDESHERBROOKE,2014062800537
2014-06-28,LESDÉFISDELACOURSEDUCARTON-CARTONFOLIES,2014062800538
2014-06-28,TOUGHMANTUPPERLAKETINMAN,2014062800539
2014-06-28,TRIATHLONVICTORIAVILLE,2014062800540
2014-06-29,CHALLENGEATLANTICCITY,2014062900541
2014-06-29,TRIATHLONACADEMIESTE-THERESE/VILLEDEBLAINVILLE,2014062900542
2014-06-29,TRIATHLONVICTORIAVILLE,2014062900543
2014-07-01,SCOTIABANKCANADADAYROADRACES,2014070100544
2014-07-02,COUPEDIX30,2014070200545
2014-07-05,MIKECOLLINGWOODMEECHLAKETRIATHLON,2014070500546
2014-07-05,TRIATHLONDEGATINEAU,2014070500547
2014-07-05,TRIATHLONDESAGUENAY,2014070500548
2014-07-06,FORTDANSLACOURSE,2014070600549
2014-07-06,MUDHEROHALIFAX,2014070600550
2014-07-06,SUBARUPETERBOROUGHTRIATHLONANDDUATHLON,2014070600551
2014-07-06,TRIATHLONSAINTLAMBERT,2014070600552
2014-07-12,BUSHTUKAHBRINGONTHEBAY3KOPENWATERSWIM,2014071200553
2014-07-12,KNEEKNACKERINGNORTHSHORETRAILRUN,2014071200554
2014-07-12,THENORTHFACEENDURANCECHALLENGEONTARIO-TRAIL,2014071200555
2014-07-12,TRIATHLONDULAC-DELAGE,2014071200556
2014-07-12,VERTLERAID-QUEBECMEGATRAIL,2014071200557
2014-07-13,CHALLENGEO2MERRELL,2014071300558
2014-07-13,DEFIDESDAMESDECOEURDESJARDINS,2014071300559
2014-07-13,GRANFONDOMONTSAINTE-ANNE,2014071300560
2014-07-13,THENORTHFACEENDURANCECHALLENGEONTARIO-TRAIL,2014071300561
2014-07-19,TRIATHLONTRIMEMPHREDEMAGOG,2014071900562
2014-07-20,LINDSAYMILKRUN,2014072000563
2014-07-20,THEFRIENDLYMASSEYMARATHON,2014072000564
2014-07-20,TRIATHLONTRIMEMPHREDEMAGOG,2014072000565
2014-07-27,CYCLO-ORFORD,2014072700566
2014-07-27,IRONMANCALGARY70.3,2014072700567
2014-07-27,IRONMANCANADA,2014072700568
2014-07-27,IRONMANLAKEPLACID,2014072700569
2014-07-27,TRIATHLONCHARLEVOIX,2014072700570
2014-08-02,NATIONALCAPITALTRIATHLONDUATHLONANDRELAYS,2014080200571
2014-08-02,TRIATHLONVALD'OR,2014080200572
2014-08-02,VERTLERAID-DEMI-MARATHONDEL'ISLE-AUX-COUDRES,2014080200573
2014-08-03,DÉFIBORÉALSAINTE-ANNE-DE-BELLEVUE,2014080300574
2014-08-03,SELF-TRANSCENDENCETRIATHLON/DUATHLON,2014080300575
2014-08-03,TRIATHLONSTE-AGATHE,2014080300576
2014-08-03,TRIATHLONTERREBONNE,2014080300577
2014-08-05,COUPEDIX30,2014080500578
2014-08-09,TRIATHLONDUFJORD,2014080900579
2014-08-10,DEMIMARATHONMONT-TREMBLANT,2014081000580
2014-08-10,GRANFONDOGARNEAU-CASCADES,2014081000581
2014-08-10,GREATRAISINRIVERFOOTRACE,2014081000582
2014-08-10,MULTISPORTCANADATRIATHLONSERIESBRACEBRIDGE,2014081000583
2014-08-10,TRIATHLONVERDUN,2014081000584
2014-08-13,LE5KMENDURANCE,2014081300585
2014-08-15,VERTLERAID-XCDELAVALLEE,2014081500586
2014-08-16,AMIDSUMMERNIGHTSRUN,2014081600587
2014-08-16,TIMBERMANTRIATHLON,2014081600588
2014-08-16,TRIATHLONSAINT-DONAT,2014081600589
2014-08-16,VERTLERAID-XCDELAVALLEE,2014081600590
2014-08-17,IRONMAN70.3TIMBERMAN,2014081700591
2014-08-17,IRONMANMONT-TREMBLANT,2014081700592
2014-08-17,VERTLERAID-XCDELAVALLEE,2014081700593
2014-08-23,MARATHONSSQLÉVIS-QUÉBEC,2014082300594
2014-08-23,MUDHEROTORONTO,2014082300595
2014-08-23,SEAWHEEZEHALFMARATHON,2014082300596
2014-08-23,TRIATHLONDEVALLEYFIELD,2014082300597
2014-08-24,DEMI-MARATHONBONNEVILLEDELACHINE,2014082400598
2014-08-24,EDMONTONMARATHON,2014082400599
2014-08-24,IRONMANLOUISVILLE,2014082400600
2014-08-24,LAVALSEDESCOUREURS,2014082400601
2014-08-24,MARATHONSSQLÉVIS-QUÉBEC,2014082400602
2014-08-24,MULTISPORTCANADATRIATHLONSERIESTORONTOISLAND,2014082400603
2014-08-24,TRIATHLONDEVALLEYFIELD,2014082400604
2014-08-30,CANADIANIRON226TRIATHLONDUATHLONANDRELAYS,2014083000605
2014-08-30,DEFIPOPULAIRECOURSE/DUATHLON/TRIATHLONLAVALLEEDURICHELIEU,2014083000606
2014-08-30,THECANADIANMARATHONHALFMARATHON8KMAND3KMRUNS,2014083000607
2014-08-30,VERTLERAID-XTERRAQUEBEC,2014083000608
2014-08-31,VERTLERAID-XTERRAQUEBEC,2014083100609
2014-09-06,LEPENTATHLONDEVICTORIAVILLE,2014090600610
2014-09-06,TRIATHLONESPRITDEMONTREAL,2014090600611
2014-09-07,COUPEDIX30,2014090700612
2014-09-07,CREDITUNIONSQUEENCITYMARATHON,2014090700613
2014-09-07,CYCLOLAMONTREALAISE,2014090700614
2014-09-07,DEMI-MARATHONDELACOTE-DE-BEAUPRE,2014090700615
2014-09-07,IRONMAN70.3MUSKOKA,2014090700616
2014-09-07,IRONMANMONT-TREMBLANT70.3WORLDCHAMPIONSHIP,2014090700617
2014-09-13,CYCLOLAQUEBECOISE,2014091300618
2014-09-13,DUATHLONSAINT-SAUVEUR,2014091300619
2014-09-13,THENORTHFACEULTRA-TRAILHARRICANADUCANADA,2014091300620
2014-09-14,COURSEFONDATIONHOTELDIEUDESOREL,2014091400621
2014-09-14,COURSEMECQUEBEC#4,2014091400622
2014-09-14,DEMI-MARATHONGRANBY,2014091400623
2014-09-14,MULTISPORTCANADATRIATHLONSERIESLAKESIDE,2014091400624
2014-09-20,DEFIVELOMAG,2014092000625
2014-09-20,IRONMANMARYLAND,2014092000626
2014-09-20,OASISZOORUN,2014092000627
2014-09-21,ARMYRUN-COURSEDEL'ARMÉE,2014092100628
2014-09-21,COURSEPOPULAIREDUPARCANGRIGNON,2014092100629
2014-09-21,DEFIDUPARC,2014092100630
2014-09-21,IRONMAN70.3PRINCETON,2014092100631
2014-09-21,LAGRANDEVADROUILLE,2014092100632
2014-09-21,LACOURSEDEFONTAINEBLEAU,2014092100633
2014-09-21,MULTISPORTCANADA:NIAGARAFALLSBARRELMANTRIATHLON,2014092100634
2014-09-21,NUTRIENCEOAKVILLEHALF-MARATHONAND10KM,2014092100635
2014-09-27,GRANFONDOCOLNAGO,2014092700636
2014-09-27,MELISSA'SROADRACE,2014092700637
2014-09-28,COURSEDELACITE-LIMOILOU,2014092800638
2014-09-28,MARATHON OASIS ROCK ‘N’ ROLL DE MONTRÉAL,2014092800639
2014-09-28,MARATHONOASISROCK‘N’ROLLDEMONTRÉAL,2014092800640
2014-09-28,RUNFORTHEGRAPESHALF-MARATHONAND5KMRUN,2014092800641
2014-10-04,CROSS-COUNTRYSAINT-LAURENTSELECT,2014100400642
2014-10-04,DEFIDESCOULEURS,2014100400643
2014-10-04,HO`ALASWIM,2014100400644
2014-10-04,RUNFORTHETOAD,2014100400645
2014-10-05,COUPEDIX30,2014100500646
2014-10-05,MARATHONDERIMOUSKI,2014100500647
2014-10-05,THECOUNTYMARATHON,2014100500648
2014-10-09,GCWCCWELLNESSCHALLENGE-DEFIMIEUX-ETRECCMTGC,2014100900649
2014-10-11,BEAUCERUN,2014101100650
2014-10-11,IRONMANWORLDCHAMPIONSHIPPRESENTEDBYGOPRO,2014101100651
2014-10-12,BMOOKANAGANMARATHON,2014101200652
2014-10-12,DEMI-MARATHONDESCOULEURSPROMUTUEL,2014101200653
2014-10-12,LECROSSDESCOULEURS,2014101200654
2014-10-12,OTTAWAFALLCOLOURSMARATHONEVENTS,2014101200655
2014-10-18,9RUNRUN,2014101800656
2014-10-19,CLASSIQUEDUPARCLAFONTAINE,2014101900657
2014-10-19,DEFITOURDULACBEAUPORT,2014101900658
2014-10-19,OURHOSPITALWALK-RUN,2014101900659
2014-10-19,SCOTIABANKTORONTOWATERFRONTMARATHON,2014101900660
2014-10-25,TORONTOWOMEN'S8K/5K,2014102500661
2014-10-26,COUPEDIX30-ÉTAPE6,2014102600662
2014-10-26,COURSEMECQUEBEC#5,2014102600663
2014-10-26,IRONMAN70.3MIAMI,2014102600664
2014-10-26,NIAGARAFALLSINTERNATIONALMARATHON,2014102600665
2014-10-26,SOUTHOTTAWARACEDAY,2014102600666
2014-11-01,COURSEDUPORTAGEUR,2014110100667
2014-11-01,IRONMANFLORIDA,2014110100668
2014-11-02,COURSED'OKARACE,2014110200669
2014-11-16,IRONMANARIZONA,2014111600670
2015-01-24,VERTLERAID-TRAILDELANUITPOLAIRE,2015012400671
2015-01-31,WINTERLUDETRIATHLON,2015013100672
2015-02-07,QUÉBECITUTRIATHLONHIVER,2015020700673
2015-02-08,COURSEMECLONGUEUIL#1,2015020800674
2015-02-14,GATINEAULOPPET,2015021400675
2015-02-15,DEMIMARATHONHYPOTHERMIQUE,2015021500676
2015-02-15,DÉFIHIVERNALILEBIZARD,2015021500677
2015-02-15,GATINEAULOPPET,2015021500678
2015-02-15,WINTERMANMARATHONANDMARATHONRELAYS,2015021500679
2015-02-16,PENTATHLONDESNEIGES,2015021600680
2015-02-22,DEMI-MARATHONDESGLACES,2015022200681
2015-02-22,LOPPETVIKINGDEMORIN-HEIGHTS,2015022200682
2015-02-22,YMCAHALFMARATHON,2015022200683
2015-02-28,OKASKIMARATHON,2015022800684
2015-03-14,TOURDUMONTVALINSKI,2015031400685
2015-03-15,ACHILLESST.PATRICK'SDAY5K,2015031500686
2015-03-15,IRONMAN70.3MONTERREY,2015031500687
2015-03-15,LETOURDEL'HORLOGE,2015031500688
2015-03-29,AROUNDTHEBAY30KROADRACE,2015032900689
2015-03-29,COURSEETMARCHEPOPULAIRESDELASALLE,2015032900690
2015-04-04,COURSEMECQUÉBEC#1-LEDÉFIDESCOCOS,2015040400691
2015-04-04,HARRY'SSPRINGRUNOFF,2015040400692
2015-04-12,COURSEMECMONTRÉAL#2,2015041200693
2015-04-12,COURSESAINT-LAURENT,2015041200694
2015-04-12,RUNFORREACH,2015041200695
2015-04-19,COURSEMECLONGUEUIL#2,2015041900696
2015-04-19,TORONTOYONGESTREET10K,2015041900697
2015-04-19,VANCOUVERSUNRUN,2015041900698
2015-04-25,DEMI-MARATHONDESÉRABLES,2015042500699
2015-04-26,BANQUESCOTIA21KDEMONTREAL,2015042600700
2015-04-26,COURSEDUPRINTEMPSDUCÉGEPDETROIS-RIVIÈRES,2015042600701
2015-04-26,DEMI-MARATHONDESGUÉPARDS,2015042600702
2015-04-26,DÉFISANTÉDEMORTAGNE,2015042600703
2015-04-26,KRRALIMESTONERACEWEEKEND,2015042600704
2015-05-02,DIEFENBOOKERCLASSIC,2015050200705
2015-05-02,WAKEFIELDCOVEREDBRIDGERUN,2015050200706
2015-05-03,BMOVANCOUVERMARATHON,2015050300707
2015-05-03,COURSEPRINTANIEREPARCNATIONALD'OKA,2015050300708
2015-05-03,DEMI-MARATHONINTERNATIONALOASISDELÉVIS,2015050300709
2015-05-03,DÉFICOURSEETMARCHEDESJARDINSSAINTETHÉRÈSE,2015050300710
2015-05-03,GOODLIFEFITNESSTORONTOMARATHON,2015050300711
2015-05-03,MISSISSAUGAMARATHONRACES,2015050300712
2015-05-09,BONJOURPRINTEMPS,2015050900713
2015-05-09,COURIRANOTRESANTÉFONDATIONSAINT-JEROME,2015050900714
2015-05-09,CHALLENGEIRCM,2015050900715
2015-05-09,COURSAPRÈSMOI,2015050900716
2015-05-09,COURSTONPARCOURS,2015050900717
2015-05-10,AURYTHMEDENOSFOULÉESCHÂTEAUGUAY,2015051000718
2015-05-10,COURSEMECMONTRÉAL#3,2015051000719
2015-05-10,DÉFIGÉRARD-CÔTÉ,2015051000720
2015-05-10,SPORTINGLIFE10KOTTAWA,2015051000721
2015-05-10,SPORTINGLIFE10KTORONTO,2015051000722
2015-05-16,MEMORIALHERMANNIRONMANNORTHAMERICANCHAMPIONSHIPTEXAS,2015051600723
2015-05-16,OTTAWAEARLYBIRDTRIATHLON,2015051600724
2015-05-17,COURSEMECLONGUEUIL#3,2015051700725
2015-05-17,DESCHENES-TOI,2015051700726
2015-05-17,DUATHLONSOREL-TRACY,2015051700727
2015-05-17,LE21KMBOUTIQUECOURIR,2015051700728
2015-05-17,SCOTIABANKBLUENOSEMARATHON,2015051700729
2015-05-17,TOURDELAPOINTE,2015051700730
2015-05-17,VERTLERAID-LESENTIERURBAIN,2015051700731
2015-05-18,TRAILDUCOUREURDESBOISDEDUCHESNAY,2015051800732
2015-05-23,TAMARACKOTTAWARACEWEEKEND,2015052300733
2015-05-24,TORONTOWOMEN'SHALFMARATHON&5K,2015052400734
2015-05-24,TAMARACKOTTAWARACEWEEKEND,2015052400735
2015-05-30,DEMI-MARATHONGÉNÉRATIONS,2015053000736
2015-05-30,DEMI-MARATHONDESVIGNOBLES,2015053000737
2015-05-30,DÉFIPHYSIOEXTRADETERREBONNE,2015053000738
2015-05-30,DÉFITRI-O-LACS,2015053000739
2015-05-31,COURSED’ÉTÉDESÎLESDEBOUCHERVILLE,2015053100740
2015-05-31,COURSEMECQUÉBEC#2-COURSESURSENTIER,2015053100741
2015-05-31,SASKATCHEWANMARATHON,2015053100742
2015-05-31,TRIATHLONCHALLENGEANTOINE-MANSEAUJOLIETTE,2015053100743
2015-06-06,BARRHAVENRUNFORROGER'SHOUSE,2015060600744
2015-06-06,MUDHEROOTTAWA,2015060600745
2015-06-06,TOURDUCAPTOURMENTESIMARD,2015060600746
2015-06-06,VERTLERAID-TRAILLACLINIQUEDUCOUREUR,2015060600747
2015-06-07,BREADANDHONEYROADRACE,2015060700748
2015-06-07,COURSEMECMONTRÉAL#4,2015060700749
2015-06-07,COURSESTE-AGATHE,2015060700750
2015-06-07,DEMI-MARATHONDESPOMPIERSDESHAWINIGAN,2015060700751
2015-06-07,DÉFIPIERREBRISE-BOIS,2015060700752
2015-06-07,GRANDPRIXCYCLISTEGATINEAU,2015060700753
2015-06-07,LAGRANDEVIRÉEDESSENTIERS,2015060700754
2015-06-07,MILTONSUBARUTRIATHLON,2015060700755
2015-06-07,NIAGARAFALLSWOMEN'SHALFMARATHON,2015060700756
2015-06-07,ÀVOTRERYTHME!,2015060700757
2015-06-13,COURSEDESVOISINSDEDAVELUYVILLE,2015061300758
2015-06-13,OTTAWARIVERTRIATHLON,2015061300759
2015-06-13,TOURDULACBROMEMERRELL,2015061300760
2015-06-13,TRIATHLONFBLDRUMMONDVILLE,2015061300761
2015-06-14,COURSEMECQUÉBEC#3-DEMI-MARATHONDEST-RAYMOND,2015061400762
2015-06-14,DÉFIDESESCALIERS,2015061400763
2015-06-14,EDGETOEDGEMARATHON,2015061400764
2015-06-14,MULTISPORTCANADATRIATHLONSERIESWELLANDTRI/DU&GIVE-IT-A-TRI,2015061400765
2015-06-14,TOURDULACBROMEMERRELL,2015061400766
2015-06-20,5I50MONT-TREMBLANT,2015062000767
2015-06-20,GUELPHLAKEISUBARUTRIATHLON,2015062000768
2015-06-20,LEDÉFIBEAUCERON,2015062000769
2015-06-20,MUDHEROMONTREAL,2015062000770
2015-06-21,DEMI-MARATHONDUBALUCHON,2015062100771
2015-06-21,IRONMAN70.3MONT-TREMBLANT,2015062100772
2015-06-21,IRONMAN70.3SYRACUSE,2015062100773
2015-06-21,LAFOULÉEDESPARCS,2015062100774
2015-06-21,MANITOBAMARATHON,2015062100775
2015-06-27,DEMI-MARATHONDESHERBROOKE,2015062700776
2015-06-27,L'ULTIMECONQUÊTE-TOMEII,2015062700777
2015-06-27,LETRIATHLONDEVICTORIAVILLE,2015062700778
2015-06-27,TOUGHMANTUPPERLAKETINMAN,2015062700779
2015-06-28,LETRIATHLONDEVICTORIAVILLE,2015062800780
2015-06-28,TRIATHLONACADEMIESAINTE-THERESE,2015062800781
2015-06-30,COURSED'UNSOIRD'ETEDELONGUEUIL,2015063000782
2015-07-01,SCOTIABANKCANADADAYROADRACES,2015070100783
2015-07-03,LE5ET10KMDUPTITTRAINDUNORD,2015070300784
2015-07-04,TRIATHLONDUFJORD,2015070400785
2015-07-04,TRIATHLONDEGATINEAU,2015070400786
2015-07-05,IRONMAN70.3MUSKOKA,2015070500787
2015-07-08,COURSEDUFESTIVALLAGIBELOTTE,2015070800788
2015-07-11,LAGRANDECOURSE,2015071100789
2015-07-11,TRIATHLONSAINT-LAMBERT,2015071100790
2015-07-11,VERTLERAID-QUÉBECMÉGATRAIL,2015071100791
2015-07-12,COURSEMECLONGUEUIL#4,2015071200792
2015-07-12,FORTDANSLACOURSE,2015071200793
2015-07-12,HINTONBURGCENTENNIAL5K,2015071200794
2015-07-12,SYDENHAMLAKESIDETRIATHLONANDDUATHLON,2015071200795
2015-07-18,ACROSSTHELAKESWIM,2015071800796
2015-07-18,TRIATHLONNEPTUNEDESAINTE-ADELE,2015071800797
2015-07-18,TRIATHLONDEQUÉBEC,2015071800798
2015-07-19,FRIENDLYMASSEYMARATHON,2015071900799
2015-07-19,GRANFONDOMONT-SAINTE-ANNE,2015071900800
2015-07-19,TRIATHLONRIVIÈRES-DES-PRAIRIES,2015071900801
2015-07-25,TRIMEMPHRÉMAGOG,2015072500802
2015-07-26,IRONMANCANADA,2015072600803
2015-07-26,IRONMANLAKEPLACID,2015072600804
2015-07-26,TRIATHLONDECHARLEVOIX,2015072600805
2015-07-26,TRIMEMPHRÉMAGOG,2015072600806
2015-08-01,NATIONALCAPITALTRIATHLONDUATHLONANDRELAYS,2015080100807
2015-08-01,RAIDVÉLOMAG-VÉLIRIUM,2015080100808
2015-08-01,TRIATHLONDEVALD'OR,2015080100809
2015-08-01,VERTLERAID-DEMI-MARATHONDEL'ISLE-AUX-COUDRES,2015080100810
2015-08-02,COURSEMECMONTRÉAL#6,2015080200811
2015-08-02,DÉFIBORÉALSAINTE-ANNE-DE-BELLEVUE,2015080200812
2015-08-02,KINGSTONTRIATHLON,2015080200813
2015-08-02,TRIATHLONSTE-AGATHE,2015080200814
2015-08-02,TRIATHLONDETERREBONNE,2015080200815
2015-08-04,RENDEZVOUSAUDIX30,2015080400816
2015-08-09,DEMI-MARATHONDEMONT-TREMBLANT,2015080900817
2015-08-09,GRANFONDOGARNEAUQUÉBECOR,2015080900818
2015-08-09,TRIATHLONDEVERDUN,2015080900819
2015-08-12,LE5KMENDURANCE,2015081200820
2015-08-14,VERTLERAID-XCDELAVALLEE,2015081400821
2015-08-15,L'ECHAPEEBELLE,2015081500822
2015-08-15,SEAWHEEZEHALFMARATHON,2015081500823
2015-08-15,TIMBERMANTRIATHLON,2015081500824
2015-08-15,VERTLERAID-XCDELAVALLEE,2015081500825
2015-08-15,TRIATHLONDUSAGUENAY,2015081500826
2015-08-16,DEMI-MARATHONDESVERGERS,2015081600827
2015-08-16,IRONMANMONT-TREMBLANT,2015081600828
2015-08-16,ORILLIASUBARUTRIATHLON,2015081600829
2015-08-16,THOUSANDISLANDTRIATHLON/DUATHLONANDRELAY,2015081600830
2015-08-16,TIMBERMAN70.3,2015081600831
2015-08-16,VERTLERAID-XCDELAVALLEE,2015081600832
2015-08-22,TORONTOISLANDTRIATHLON,2015082200833
2015-08-22,TOURDELABAIE,2015082200834
2015-08-23,CORNWALLTRIATHLON,2015082300835
2015-08-23,DEMI-MARATHONBONNEVILLEDELACHINE,2015082300836
2015-08-23,EDMONTONMARATHON,2015082300837
2015-08-23,GRANFONDOCENTRE-DU-QUÉBEC,2015082300838
2015-08-23,LAVALSEDESCOUREURS,2015082300839
2015-08-23,TRIATHLONVALLEYFIELD,2015082300840
2015-08-29,TORONTOWOMEN'S10K&5K,2015082900841
2015-08-29,WASAGABEACHTRIATHLON,2015082900842
2015-08-30,IRONMANMUSKOKA,2015083000843
2015-08-30,MARATHONSSQLÉVIS-QUÉBEC,2015083000844
2015-09-05,CANADIANIRON113TRIATHLONDUATHLONANDRELAYS,2015090500845
2015-09-05,COURSEMECMONTRÉAL#7-LACOURSE-LUMIÈRE,2015090500846
2015-09-05,DÉFIPOPULAIREDELAVALLÉEDURICHELIEU,2015090500847
2015-09-05,GUELPHLAKEIISUBARUTRIATHLON,2015090500848
2015-09-05,TRIATHLONDUCHESNAY,2015090500849
2015-09-06,30KMSURLESRIVESDEBOUCHERVILLE,2015090600850
2015-09-12,LEPENTATHLONDEVICTORIAVILLE,2015091200851
2015-09-12,OASISZOORUN,2015091200852
2015-09-12,TRAILCLB,2015091200853
2015-09-12,TRIATHLONESPRITDEMONTREAL,2015091200854
2015-09-13,B&OYORKVILLERUN,2015091300855
2015-09-13,CANMOREROCKYMOUNTAINHALFMARATHON,2015091300856
2015-09-13,DEMI-MARATHONDELACÔTE-DE-BEAUPRÉ,2015091300857
2015-09-13,IRONMANWISCONSIN,2015091300858
2015-09-13,LACOURSEDELAFONDATIONHOTEL-DIEU-DE-SOREL,2015091300859
2015-09-13,LE10KMDEL'UNIVERSITÉLAVAL,2015091300860
2015-09-13,LAGRANDEVADROUILLE,2015091300861
2015-09-13,LEPENTATHLONDEVICTORIAVILLE,2015091300862
2015-09-13,SASKATCHEWANCREDITUNIONSQUEENCITYMARATHON,2015091300863
2015-09-13,TRIATHLONESPRITDEMONTREAL,2015091300864
2015-09-19,ULTRA-TRAILHARRICANADUCANADA(UTHC),2015091900865
2015-09-20,ARMYRUN-COURSEDEL'ARMÉE,2015092000866
2015-09-20,COURSEMECQUÉBEC#4-COURSEDESCOULEURSMEC,2015092000867
2015-09-20,MARATHON OASIS ROCK 'N' ROLL DE MONTREAL,2015092000868
2015-09-20,MARATHONOASISROCK'N'ROLLDEMONTREAL,2015092000868
2015-09-26,MELISSA'SROADRACE,2015092600869
2015-09-26,OTTAWARUNFORPALESTINE,2015092600870
2015-09-26,PEARSONRUNWAYRUN,2015092600871
2015-09-26,WAKEFIELDMOONLIGHTRIVERRUN,2015092600872
2015-09-27,COURSEMECLONGUEUIL#5,2015092700873
2015-09-27,COURSEDELACITÉ-LIMOILOU,2015092700874
2015-09-27,COURSEPOPULAIREDUPARCANGRIGNON,2015092700875
2015-09-27,LACOURSEDEFONTAINEBLEAU,2015092700876
2015-10-03,BEAUCERUN,2015100300877
2015-10-03,CROSS-COUNTRYSAINT-LAURENTSELECT,2015100300878
2015-10-03,DEFIDESCOULEURS-SIMARD,2015100300879
2015-10-04,CLASSIQUEEMILIE-MONDOR,2015100400880
2015-10-04,DEMI-MARATHONDEGRANBY,2015100400881
2015-10-04,MARATHONDERIMOUSKI,2015100400882
2015-10-04,THECOUNTYMARATHON,2015100400883
2015-10-08,WELLNESSCHALLENGE,2015100800884
2015-10-10,IRONMANWORLDCHAMPIONSHIP,2015101000885
2015-10-11,BMOOKANAGANMARATHON,2015101100886
2015-10-11,DEMI-MARATHONDESCOULEURSPROMUTUEL,2015101100887
2015-10-11,DEMIMARATHONDELONGUEUIL,2015101100888
2015-10-11,IRONMANLOUISVILLE,2015101100889
2015-10-11,LECROSSDESCOULEURS,2015101100890
2015-10-11,OTTAWAFALLCOLOURSMARATHON,2015101100891
2015-10-12,DEMI-MARATHONDUBOISDEBELLE-RIVIÈRE,2015101200892
2015-10-18,CLASSIQUEDUPARCLAFONTAINE,2015101800893
2015-10-18,DEFITOURDULACBEAUPORT,2015101800894
2015-10-18,SCOTIABANKTORONTOWATERFRONTMARATHON,2015101800895
2015-10-23,DÉFIELESENTIER,2015102300896
2015-10-24,DÉFIELESENTIER,2015102400897
2015-10-25,15KMAUPIEDDUMONTSAINT-HILAIRE,2015102500898
2015-10-25,IRONMAN70.3MIAMI,2015102500899
2015-10-25,IRONMANANDIRONMAN70.3LOSCABOS,2015102500900
2015-10-25,RATTLEMEBONES,2015102500901
2015-11-01,COURSEMECLONGUEUIL#7,2015110100902
2015-11-01,COURSED'OKA,2015110100903
2015-11-08,DEMI-MARATHONDESMICROBRASSERIES,2015110800904
2015-11-21,HOBBLEGOBBLEPREDICTIONRUN,2015112100905
2015-11-29,IRONMANCOZUMEL,2015112900906
2015-12-06,COURSEDUPÈRENOËLCASSELMANSANTARUN,2015120600907
2015-12-06,INTERTRUSTCAYMANISLANDSMARATHON,2015120600908
2016-02-14,DEMIMARATHONHYPOTHERMIQUE,2016021400909
2016-02-14,WINTERMANMARATHONANDMARATHONRELAYS,2016021400910
2016-02-21,DEMI-MARATHONDESGLACES,2016022100911
2016-02-21,DÉFIHIVERNALILEBIZARD,2016022100912
2016-02-21,QUÉBECITUTRIATHLOND'HIVER,2016022100913
2016-02-26,PENTATHLONDESNEIGES,2016022600914
2016-02-27,GATINEAULOPPET,2016022700915
2016-02-28,GATINEAULOPPET,2016022800916
2016-02-28,YMCAHALFMARATHON,2016022800917
2016-03-06,COURSEMECMONTRÉAL#1,2016030600918
2016-03-06,OKASKIMARATHON,2016030600919
2016-03-19,STPATRICKSDAYRACE,2016031900920
2016-03-19,TOURDUMONTVALINSKI,2016031900921
2016-03-20,COURSEETMARCHEPOPULAIRESDELASALLE,2016032000922
2016-03-26,COURSEMECQUÉBEC#1-LEDÉFIDESCOCOS,2016032600923
2016-04-03,AROUNDTHEBAY30KROADRACE,2016040300924
2016-04-09,RACEROSTERSPRINGRUNOFF,2016040900925
2016-04-10,COURSESAINT-LAURENT,2016041000926
2016-04-10,COURSESTHEMATIQUESLETOURDEL'HORLOGE,2016041000927
2016-04-10,IRONMAN70.3FLORIDA,2016041000928
2016-04-10,RUNFORREACH,2016041000929
2016-04-10,RUNFORRETINA,2016041000930
2016-04-16,MECOTTAWARACE1-THESPRINGFLYER,2016041600931
2016-04-24,BANQUESCOTIA21KDEMONTREAL,2016042400932
2016-04-24,DEMI-MARATHONDESGUÉPARDS,2016042400933
2016-04-24,KRRALIMESTONERACEWEEKEND,2016042400934
2016-04-24,MERCEDES-BENZOAKVILLE10K,2016042400935
2016-04-29,LE5KDESFLAMBEAUX,2016042900936
2016-04-30,MARATHONDESÉRABLES,2016043000937
2016-04-30,MISSISSAUGAMARATHONRACES,2016043000938
2016-04-30,RUNTOENDMS,2016043000939
2016-05-01,BMOVANCOUVERMARATHON,2016050100940
2016-05-01,COURSEPRINTANIEREPARCNATIONALD'OKA,2016050100941
2016-05-01,DEMI-MARATHONINTERNATIONALOASISDELÉVIS,2016050100942
2016-05-01,DÉFIENTREPRISESOTTAWAGATINEAU,2016050100943
2016-05-01,DÉFICOURSEETMARCHEDESJARDINSSAINTETHÉRÈSE,2016050100944
2016-05-01,GOODLIFEFITNESSTORONTOMARATHON,2016050100945
2016-05-01,MISSISSAUGAMARATHONRACES,2016050100946
2016-05-07,WAKEFIELDCOVEREDBRIDGERUN,2016050700947
2016-05-08,AURYTHMEDENOSFOULÉESCHÂTEAUGUAY,2016050800948
2016-05-08,DÉFIGÉRARD-CÔTÉ,2016050800949
2016-05-08,DÉFISANTÉDEMORTAGNE,2016050800950
2016-05-08,SPORTINGLIFE10KOTTAWA,2016050800951
2016-05-08,SPORTINGLIFE10KTORONTO,2016050800952
2016-05-14,BONJOURPRINTEMPS,2016051400953
2016-05-14,DÉFIMEMPHRÉ,2016051400954
2016-05-15,COURSEMECMONTRÉAL#2,2016051500955
2016-05-15,DUATHLONSOREL-TRACY,2016051500956
2016-05-21,OKADUATHLON,2016052100957
2016-05-22,COURSESTHEMATIQUESMARATHONSSQDELONGUEUIL,2016052200958
2016-05-22,IRONMAN70.3CHATTANOOGA,2016052200959
2016-05-22,SCOTIABANKBLUENOSEMARATHON,2016052200960
2016-05-22,TOURDELAPOINTE,2016052200961
2016-05-22,VERTLERAID-LESENTIERURBAIN,2016052200962
2016-05-28,TAMARACKOTTAWARACEWEEKEND,2016052800963
2016-05-29,SASKATCHEWANMARATHON,2016052900964
2016-05-29,TORONTOWOMEN'SHALFMARATHON&5K,2016052900965
2016-05-29,TAMARACKOTTAWARACEWEEKEND,2016052900966
2016-06-04,COURSEFONDATIONJEUNESSEDEL'ECOLESECONDAIRED'OKA,2016060400967
2016-06-04,DÉFITRI-O-LACS,2016060400968
2016-06-04,FOOTSTOCK,2016060400969
2016-06-04,MUDHEROOTTAWA,2016060400970
2016-06-04,SOUTHCOASTMARATHON,2016060400971
2016-06-05,BARRIEWATERFRONTHALFMARATHON,2016060500972
2016-06-05,COURSED’ÉTÉDESÎLESDEBOUCHERVILLE,2016060500973
2016-06-05,DEMI-MARATHONDESVIGNOBLES,2016060500974
2016-06-05,DESCENTEROYALE,2016060500975
2016-06-05,GRANDPRIXCYCLISTEGATINEAU,2016060500976
2016-06-05,LEXISNEXISIRONMAN70.3RALEIGH,2016060500977
2016-06-05,MILTONSUBARUTRIATHLON,2016060500978
2016-06-05,TRIATHLONCHALLENGEANTOINE-MANSEAUJOLIETTE,2016060500979
2016-06-11,BARRHAVENRUNFORROGER'SHOUSE,2016061100980
2016-06-11,DEMI-MARATHONDESGÉNÉRATIONS,2016061100981
2016-06-11,TRIATHLONDEQUÉBEC,2016061100982
2016-06-11,VERTLERAID-TRAILLACLINIQUEDUCOUREUR,2016061100983
2016-06-12,DEMI-MARATHONDESPOMPIERSDESHAWINIGAN,2016061200984
2016-06-12,DÉFIPIERREBRISE-BOIS,2016061200985
2016-06-12,DÉFITRIATHLONOPTIMISTEDELACHINE,2016061200986
2016-06-12,EDGETOEDGEMARATHON,2016061200987
2016-06-12,IRONMAN70.3EAGLEMAN,2016061200988
2016-06-12,LAGRANDEVIRÉEDESSENTIERS,2016061200989
2016-06-12,SUBARUIRONMAN70.3VICTORIA,2016061200990
2016-06-12,TRIATHLONACADEMIESAINTE-THERESE,2016061200991
2016-06-12,ÀVOTRERYTHME!,2016061200992
2016-06-18,COURSESTHEMATIQUESTOURDULACBROMEMERRELL,2016061800993
2016-06-18,GUELPHLAKEISUBARUTRIATHLON,2016061800994
2016-06-18,TOURDUCAPTOURMENTESIMARD,2016061800995
2016-06-18,TRIATHLONFBLDRUMMONDVILLE,2016061800996
2016-06-19,COURSESTHEMATIQUESTOURDULACBROMEMERRELL,2016061900997
2016-06-19,IRONMAN70.3SYRACUSE,2016061900998
2016-06-19,MECOTTAWARACE2-DAD'SDAYDASH,2016061900999
2016-06-19,MANITOBAMARATHON,2016061901000
2016-06-25,5I50MONT-TREMBLANT,2016062501001
2016-06-25,MUDHEROMONTREAL,2016062501002
2016-06-25,TORONTOWATERFRONT10,2016062501003
2016-06-25,TOUGHMANTUPPERLAKETINMAN,2016062501004
2016-06-26,"MULTISPORTCANADATRIATHLONSERIESWELLANDTRI,DU&GIVE-IT-A-TRI",2016062601005
2016-06-27,IRONMAN70.3MONT-TREMBLANT,2016062701006
2016-06-29,DÉFIADN,2016062901007
2016-07-01,SCOTIABANKCANADADAYROADRACES,2016070101008
2016-07-03,DEMI-MARATHONDESHERBROOKE,2016070301009
2016-07-03,LETRIATHLONDEVICTORIAVILLE,2016070301010
2016-07-08,LE5ET10KMDUP'TITTRAINDUNORD,2016070801011
2016-07-09,COURSED'UNSOIRD'ETEDELONGUEUIL,2016070901012
2016-07-10,COURSEMECLONGUEUIL#3,2016071001013
2016-07-10,HINTONBURGCENTENNIAL5K,2016071001014
2016-07-10,IRONMAN70.3MUSKOKA,2016071001015
2016-07-10,LAGRANDECOURSE,2016071001016
2016-07-10,MECOTTAWARACE3-HEGGTVEIT’SREVENGETRAIL,2016071001017
2016-07-13,5KAND15KFARMRUN,2016071301018
2016-07-15,DEMI-MARATHONDELABANDEDUCANAL,2016071501019
2016-07-16,NORTHFACEENDURANCECHALLENGE,2016071601020
2016-07-16,TRIATHLONLAC-BEAUPORT,2016071601021
2016-07-16,VERTLERAID-QUÉBECMÉGATRAIL,2016071601022
2016-07-17,FRIENDLYMASSEYMARATHON,2016071701023
2016-07-17,LINDSAYMILKRUN,2016071701024
2016-07-17,MECOTTAWATRIATHLONSPRINT,2016071701025
2016-07-17,NORTHFACEENDURANCECHALLENGE,2016071701026
2016-07-23,2016CANADIANTRIATHLONCHAMPIONSHIPSANDOTTAWACAMTRIAMERICANCUP,2016072301027
2016-07-24,2016CANADIANTRIATHLONCHAMPIONSHIPSANDOTTAWACAMTRIAMERICANCUP,2016072401028
2016-07-24,COURSEMECMONTRÉAL#3,2016072401029
2016-07-24,IRONMANCANADA,2016072401030
2016-07-24,IRONMANLAKEPLACID,2016072401031
2016-07-30,NATIONALCAPITAL5AND10KMRUN&WYLIERYANKIDSSURFNTURF,2016073001032
2016-07-30,TRIMEMPHRÉMAGOG,2016073001033
2016-07-31,TRIATHLONDECHARLEVOIX,2016073101034
2016-07-31,TRIMEMPHRÉMAGOG,2016073101035
2016-08-06,BRACEBRIDGETRIATHLON,2016080601036
2016-08-06,RAIDVÉLOMAG-VÉLIRIUM,2016080601037
2016-08-07,DÉFIBORÉALSAINTE-ANNE-DE-BELLEVUE,2016080701038
2016-08-07,IRONMANBOULDER,2016080701039
2016-08-07,MECOTTAWARACE4-THEMECGATINEAUPARKTRAILRACES,2016080701040
2016-08-07,TRIATHLONINTERNATIONALDEMONTREAL,2016080701041
2016-08-13,SEAWHEEZEHALFMARATHON,2016081301042
2016-08-13,TRIATHLONDUSAGUENAY,2016081301043
2016-08-14,DEMI-MARATHONDEMONT-TREMBLANT,2016081401044
2016-08-14,GRANFONDOGARNEAUQUÉBECOR,2016081401045
2016-08-14,LAVALSEDESCOUREURS,2016081401046
2016-08-14,TRIATHLONDEVERDUN,2016081401047
2016-08-17,LE5KMENDURANCE,2016081701048
2016-08-19,VERTLERAID-XCDELAVALLEE,2016081901049
2016-08-20,TIMBERMANTRIATHLON,2016082001050
2016-08-20,VERTLERAID-XCDELAVALLEE,2016082001051
2016-08-21,EDMONTONMARATHON,2016082101052
2016-08-21,IRONMAN70.3TIMBERMAN,2016082101053
2016-08-21,VERTLERAID-XCDELAVALLEE,2016082101054
2016-08-24,IRONMANMONT-TREMBLANT,2016082401055
2016-08-27,MARATHONSSQLÉVIS-QUÉBEC,2016082701056
2016-08-27,MUDHEROTORONTONORTH,2016082701057
2016-08-27,OTTAWACRAFTBEERRUN,2016082701058
2016-08-28,CORNWALLTRIATHLON,2016082801059
2016-08-28,MARATHONSSQLÉVIS-QUÉBEC,2016082801060
2016-09-03,CANADIANIRON113TRIATHLONDUATHLONANDRELAYS,2016090301061
2016-09-03,DÉFIPOPULAIREDELAVALLÉEDURICHELIEU,2016090301062
2016-09-03,FESTIVALXTERRAQUÉBEC,2016090301063
2016-09-03,GUELPHLAKEIISUBARUTRIATHLON,2016090301064
2016-09-04,COURSESTHEMATIQUES30KMSURLESRIVESDEBOUCHERVILLE,2016090401065
2016-09-04,FESTIVALXTERRAQUÉBEC,2016090401066
2016-09-10,TRIATHLONESPRITDEMONTREAL,2016091001067
2016-09-10,ULTRA-TRAILHARRICANADUCANADA(UTHC),2016091001068
2016-09-11,LACOURSEDELAFONDATIONHOTEL-DIEU-DE-SOREL,2016091101069
2016-09-11,SASKATCHEWANCREDITUNIONSQUEENCITYMARATHON,2016091101070
2016-09-11,TRIATHLONESPRITDEMONTREAL,2016091101071
