2012-01-23,CRUISETORUN
2012-01-27,CRUISETORUNBARBADOS5K
2012-01-28,LENORVEGIEN-COUPEDESMAITRESJOUR1
2012-01-29,LENORVEGIEN-COUPEDESMAITRESJOUR2
2012-02-04,WINTERLUDETRIATHLONBALDENEIGE
2012-02-18,DEMIMARATHONHYPOTHERMIQUE
2012-02-18,GATINEAULOPPET-KESKINADA
2012-02-19,DÉFIHIVERNALILEBIZARD
2012-02-19,GATINEAULOPPET-KESKINADA
2012-02-19,WINTERMANMARATHONANDMARATHONRELAYS
2012-02-26,MORIN-HEIGHTSVIKINGLOPPET
2012-03-04,CHILLYHALFMARATHON&FROSTY5KM
2012-03-17,TOURDUMONT-VALIN
2012-03-18,ACHILLESST.PATRICK'SDAY5KMRUN/WALK
2012-03-25,AROUNDTHEBAYROADRACES
2012-03-25,COURSEETMARCHEPOPULAIRESDELASALLE
2012-04-01,IRONMANLONESTAR70.3
2012-04-07,HARRY'SSPRINGRUNOFF
2012-04-15,RUNFORRETINA
2012-04-15,VANCOUVERSUNRUN
2012-04-22,COURSESAINT-LAURENT
2012-04-22,OTTAWAPHYSIORACE
2012-04-22,SMITHFALLSSPRINGFLINGRUNNINGTHING
2012-04-22,TORONTOYONGESTREET10K
2012-04-28,"RUNTOENDMSHALF-MARATHON,5KMAND10KM"
2012-04-29,BANQUESCOTIA21KMET5KM
2012-04-29,COURSEPRINTANIEREOKA
2012-05-05,MISSISSAUGAMARATHONRACES
2012-05-05,NORTHFACEENDURANCECHALLENGE-NORTHEASTREGIONAL
2012-05-05,WAKEFIELDCOVEREDBRIDGERUN
2012-05-06,BMOVANCOUVERMARATHON
2012-05-06,COURSEDUFORTDECHAMBLY
2012-05-06,DEMIMARATHONINTERNATIONALDEQUEBEC
2012-05-06,DÉFICOURSEETMARCHEDESJARDINSSAINTETHÉRÈSE
2012-05-06,"GOODLIFETORONTOMARATHON,HALFMARATHON,AND5K"
2012-05-06,MISSISSAUGAMARATHONRACES
2012-05-12,COURSEDELAFONDATIONHOPITALSAINTJEROME
2012-05-12,LECHALLENGEIRCM-COURIRPOURLAVIE
2012-05-13,AURYTHMEDENOSFOULÉESCHÂTEAUGUAY
2012-05-13,BONJOURPRINTEMPS
2012-05-13,DEFIGERARDCOTEDEST-HYACINTHE
2012-05-13,SPORTINGLIFE10K
2012-05-19,COLONELBYCLASSIC
2012-05-19,OTTAWAEARLYBIRDTRIATHLONANDDUATHLON
2012-05-20,COUPEDIX302012
2012-05-20,DESCHENESTOI
2012-05-20,DUATHLONSOREL-TRACY
2012-05-20,GRANDPRIXCYCLISTEDEGATINEAU
2012-05-20,IRONMANFLORIDA70.3
2012-05-20,LETOURDELAPOINTE
2012-05-20,SCOTIABANKBLUENOSEMARATHON
2012-05-26,DEFIMEMPHRE
2012-05-26,DEFIPHYSIOEXTRADETERREBONNE
2012-05-26,DEMIMARATHONGENERATIONS
2012-05-26,OTTAWARACEWEEKEND
2012-05-27,DEFIBAREFOOTMERRELL
2012-05-27,OTTAWARACEWEEKEND
2012-05-27,SASKATCHEWANMARATHON
2012-05-27,TORONTOWOMEN'SHALFMARATHON&5K
2012-05-27,TRIATHLONDUATHLOND'OKA
2012-06-02,COURSEDESILES
2012-06-02,WELLINGTONWOMEN'SHALFMARATHONANDHALFAHALF
2012-06-03,BEATBEETHOVEN8KMRUN
2012-06-03,BREADANDHONEYRACES
2012-06-03,DEFIDESESCALIERS
2012-06-03,DÉFITRI-O-LACS
2012-06-03,IRONMAN70.3MOOSEMAN
2012-06-03,TRIATHLONDEJOLIETTE
2012-06-09,BARRHAVENRUNFORROGER'SHOUSE
2012-06-09,FOOTSTOCKRACEWEEKEND
2012-06-09,OTTAWARIVERTRIATHLON&DUATHLON
2012-06-09,TRIATHLON/DUATHLONMONT-TREMBLANT
2012-06-10,DEMIMARATHONDESPOMPIERSDESHAWINIGAN
2012-06-10,LAGRANDEVIREEDESSENTIERSST-BRUNO
2012-06-10,RUNWALK4PATRICKFAMILYFEST
2012-06-16,SUBARUGUELPHLAKEISPRINTTRIATHLON&DUATHLON
2012-06-16,TOURDULACBROME
2012-06-16,TRIATHLONDRUMMONDVILLE
2012-06-16,TRIATHLONLACBEAUPORT
2012-06-17,DESCENTEROYALE
2012-06-17,MANITOBAMARATHON
2012-06-17,SUBARUGUELPHLAKEITRIATHLON&DUATHLON
2012-06-17,TOURDULACBROME
2012-06-23,LEDEFIBEAUCERON
2012-06-23,MULTISPORTCANADATRIATHLONSERIESWELLANDTRI/DU&GIVE-IT-A-TRI
2012-06-23,TORONTOPEARSONRUNWAYRUN
2012-06-24,COUPEDIX302012
2012-06-24,IRONMANMONT-TREMBLANT70.3
2012-06-24,MULTISPORTCANADATRIATHLONSERIESWELLANDTRI/DU&GIVE-IT-A-TRI
2012-06-24,SCOTIABANKVANCOUVERHALFMARATHON&5K
2012-06-24,SMITHSFALLSCLASSICTRIATHLON/DUATHLON&RELAY
2012-06-30,DEMIMARATHONDESHERBROOKE
2012-06-30,PRIDEANDREMEMBRANCERUN
2012-06-30,TRIATHLONACADEMIESTE-THERESE/VILLEDEBLAINVILLE
2012-06-30,TUPPERLAKETINMANTRIATHLON
2012-07-01,BUSHTUKAH-CANADADAYROADRACES
2012-07-01,CANADADAY5K
2012-07-07,MIKECOLLINGWOODMEECHLAKETRIATHLON
2012-07-07,TRIATHLONDEGATINEAU
2012-07-07,TRIATHLONDESAGUENAY
2012-07-08,COUPEDIX302012
2012-07-08,CYCLO-ORFORD
2012-07-08,IRONMAN70.3RHODEISLAND
2012-07-14,BUSHTUKAHBRINGONTHEBAY3KOPENWATERSWIMFOREASTERSEALS
2012-07-14,DEMI-MARATHONMARCELJOBIN
2012-07-14,TRIATHLONST-LAMBERT
2012-07-15,DEFIDESDAMESDECOEUR
2012-07-15,THEFRIENDLYMASSEYMARATHON
2012-07-15,TRIATHLONO2DESHERBROOKE
2012-07-15,TRIATHLONDEQUEBEC
2012-07-19,DOWNTOWNDASH
2012-07-22,COUPEDIX302012
2012-07-22,IRONMANLAKEPLACID
2012-07-22,LINDSAYMILKRUN
2012-07-22,SUBARUMUSKOKATRIATHLONANDDUATHLON
2012-07-22,TRIATHLONTRIMEMPHREDEMAGOG
2012-07-28,MULTISPORTCANADATRIATHLONSERIESCOBOURG
2012-08-04,NATIONALCAPITAL5AND10KMRUN
2012-08-04,NATIONALCAPITALTRIATHLONDUATHLONANDRELAYS
2012-08-05,DEEPRIVERTRIATHLON
2012-08-05,DÉFIBORÉALSAINTE-ANNE-DE-BELLEVUE
2012-08-05,K-TOWNTRIATHLONANDDUATHLON
2012-08-05,TRIATHLONSTE-AGATHE
2012-08-05,TRIATHLONTERREBONNE
2012-08-11,IRONMANU.S.CHAMPIONSHIPS
2012-08-11,TRIATHLONPROMUTUELDUFJORD
2012-08-12,DEMI-MARATHONDUMONT-TREMBLANT
2012-08-12,GRANFONDOGARNEAU-CASCADES
2012-08-12,GREATRAISINRIVERFOOTRACE
2012-08-12,TORONTOINTERNATIONALTENMILERAND5K
2012-08-12,TRIATHLONDEVERDUN
2012-08-15,LE5KMENDURANCE
2012-08-18,AMIDSUMMERNIGHTSRUN
2012-08-19,APPLETRIATHLON
2012-08-19,COUPEDIX302012
2012-08-19,EDMONTONMARATHON
2012-08-19,IRONMAN70.3TIMBERMAN
2012-08-19,IRONMANMONT-TREMBLANT
2012-08-25,TORONTOWOMENS10K&5K
2012-08-26,IRONMANCANADA
2012-08-26,IRONMANLOUISVILLE
2012-08-26,MARATHONDESDEUXRIVESLÉVIS-QUÉBEC
2012-08-26,TRIATHLONDEVALLEYFIELD
2012-09-01,CANADIANIRON226TRIATHLONDUATHLONANDRELAYS
2012-09-01,SUBARUGUELPHLAKEIITRIATHLONANDDUATHLON
2012-09-01,THECANADIANMARATHONHALFMARATHON8KMAND3KMRUNS
2012-09-08,KEMPTVILLERACEDAY
2012-09-08,RBCGRANFONDOCANADAWHISTLER
2012-09-08,TRIATHLONESPRITDEMONTREAL
2012-09-09,CANMOREROCKYMOUNTAINHALFMARATHON
2012-09-09,DEMI-MARATHONGRANBY
2012-09-09,IRONMANMUSKOKA70.3
2012-09-09,IRONMANWORLDCHAMPIONSHIP70.3
2012-09-09,QUEENCITYMARATHON
2012-09-15,DUATHLONST-SAUVEUR
2012-09-16,LAGRANDEVADROUILLE
2012-09-22,DEFIVELOMAG
2012-09-22,OASISZOORUN10KRUN5KRUN
2012-09-23,ARMYRUN/COURSEDELARMEE
2012-09-23,DEFIVELOMAG
2012-09-23,ISLANDGIRLHALFMARATHON
2012-09-23,MARATHON OASIS DE MONTREAL
2012-09-23,MARATHONOASISDEMONTREAL
2012-09-23,THERUNFORGRAPES1/2MARATHON&AMP;5KMRUN
2012-09-29,WAKEFIELDMOONLIGHTRIVERRUN
2012-09-30,IRONMAN70.3POCONOMOUNTAINS
2012-09-30,MARATHONDERIMOUSKI
2012-09-30,SOUTHOTTAWARACEDAYHALFMARATHON
2012-09-30,SURREYINTERNATIONALMUSICMARATHON
2012-10-06,DR.KIMARMTRONGTURKEYTROT
2012-10-07,BMOOKANAGANMARATHON
2012-10-07,DEMIMARATHONDESCOULEURSDEBECANCOUR
2012-10-07,GOODLIFEFITNESSVICTORIAMARATHON
2012-10-07,LAPETITEDERNIERE
2012-10-07,LECROSSDESCOULEURS
2012-10-07,OTTAWAFALLCOLOURSMARATHONEVENTS
2012-10-14,CLASSIQUEDUPARCLAFONTAINE
2012-10-14,DEFIDUTOURDULACBEAUPORT
2012-10-14,NIKEWOMEN'SMARATHON
2012-10-14,SCOTIABANKTORONTOWATERFRONTMARATHON
2012-10-14,THECOUNTYMARATHON
2012-10-20,9RUNRUN
2012-10-20,CROSS-COUNTRYSAINT-LAURENTSELECT
2012-10-21,NIAGARAFALLSINTERNATIONALMARATHON
2012-10-27,OTTAWABEATBEETHOVEN
2012-10-28,IRONMAN70.3MIAMI
2012-10-28,RATTLEMEBONES5AND10KM
2012-11-03,HEATHERSAALTINKMEMORIALRUN
2012-11-04,OKAROADRACE
2012-11-18,FATASSTRAILRUN
2012-12-02,CAYMANISLANDSMARATHON
2012-12-02,RIRASANTA5K
2012-12-09,HONOLULUMARATHON
2013-01-28,CRUISETORUN
2013-02-01,CRUISETORUN
2013-02-02,WINTERLUDETRIATHLONBALDENEIGE
2013-02-16,GATINEAULOPPET
2013-02-17,DEMIMARATHONHYPOTHERMIQUE
2013-02-17,DÉFIHIVERNALILEBIZARD
2013-02-17,GATINEAULOPPET
2013-02-17,WINTERMANMARATHONANDMARATHONRELAYS
2013-02-24,MORIN-HEIGHTSVIKINGLOPPET
2013-02-24,YMCAOFPETERBOROUGHHALF-MARATHONAND5KM
2013-03-02,DEFINORDIQUE
2013-03-02,PENTATHLONDESNEIGES
2013-03-03,CHILLYHALFMARATHON&FROSTY5KM
2013-03-03,DEFINORDIQUE
2013-03-03,PENTATHLONDESNEIGES
2013-03-10,OKASKIMARATHON
2013-03-16,TOURDUMONT-VALIN
2013-03-17,IRONMAN70.3SANJUAN
2013-03-24,AROUNDTHEBAYROADRACES
2013-03-24,COURSEETMARCHEPOPULAIRESDELASALLE
2013-03-30,IRONMAN70.3CALIFORNIAOCEANSIDE
2013-04-06,HARRY'SSPRINGRUNOFF
2013-04-07,IRONMAN70.3TEXAS
2013-04-14,COURSESAINT-LAURENT
2013-04-14,RUNFORRETINA
2013-04-21,COURSEPRINTANIEREOKA
2013-04-21,MERCEDES-BENZ10K
2013-04-21,TORONTOYONGESTREET10K
2013-04-21,VANCOUVERSUNRUN
2013-04-27,"RUNTOENDMSHALF-MARATHON,5KMAND10KM"
2013-04-28,BANQUESCOTIA21KMET5KM
2013-04-28,COURSEDUCEGEPTROIS-RIVIERES
2013-05-05,BMOVANCOUVERMARATHON
2013-05-05,COURSESTE-AGATHE
2013-05-05,DEMIMARATHONINTERNATIONALOASISDELEVIS
2013-05-05,DÉFICOURSEETMARCHEDESJARDINSSAINTETHÉRÈSE
2013-05-05,"GOODLIFETORONTOMARATHON,HALFMARATHON,AND5K"
2013-05-05,MISSISSAUGAMARATHONRACES
2013-05-05,PUERTORICOMARATHONANDHALFMARATHON
2013-05-11,COURSEDELAFONDATIONHOPITALSAINTJEROME
2013-05-11,DAYBEFOREMOTHER'SDAYDUATHLON&RELAYS
2013-05-11,LECHALLENGEIRCM-COURIRPOURLAVIE
2013-05-12,AURYTHMEDENOSFOULÉESCHÂTEAUGUAY
2013-05-12,BONJOURPRINTEMPS
2013-05-12,DEFIGERARDCOTEDEST-HYACINTHE
2013-05-12,SPORTINGLIFE10K
2013-05-16,COURSEPLESSISVILLEENSOIREE
2013-05-18,OTTAWAEARLYBIRDTRIATHLONANDDUATHLON
2013-05-19,DESCHENESTOI
2013-05-19,DUATHLONSOREL-TRACY
2013-05-19,IRONMANFLORIDA70.3
2013-05-19,SCOTIABANKBLUENOSEMARATHON
2013-05-19,VERTLERAID-LESENTIERURBAIN
2013-05-20,SUBARUVICTORIA'SDUATHLON
2013-05-25,DEFIMEMPHRE
2013-05-25,DEMIMARATHONGENERATIONS
2013-05-25,FESTIVALQUEBECENSANTE10KMDUBONHEUR
2013-05-25,OTTAWARACEWEEKEND
2013-05-26,COURSEPOURVAINCRELASCLEROSEENPLAQUESMONT-TREMBLANT
2013-05-26,OTTAWARACEWEEKEND
2013-05-26,TORONTOWOMEN'SHALFMARATHON&5K
2013-05-26,TRIATHLONDUATHLOND'OKA
2013-06-01,DEFIPHYSIOEXTRADETERREBONNE
2013-06-01,IRONMAN70.3HAWAII
2013-06-01,MUDHEROOTTAWA
2013-06-02,BEATBEETHOVEN8KMRUN
2013-06-02,BREADANDHONEYRACES
2013-06-02,COURSED'ETEDESILESDEBOUCHERVILLE
2013-06-02,COURSEDELABATAILLEDESPLAINES
2013-06-02,DEFIVINCENTROY
2013-06-02,DÉFITRI-O-LACS
2013-06-02,SUBARUMILTONTRIATHLON
2013-06-02,TRIATHLONDEJOLIETTE
2013-06-02,VERTLERAID-TRAILLACLINIQUEDUCOUREUR
2013-06-08,BARRHAVENRUNFORROGER'SHOUSE
2013-06-08,MULTISPORTCANADATRIATHLONSERIESBINBROOK
2013-06-08,OTTAWARIVERTRIATHLON&DUATHLON
2013-06-08,TRIATHLON/DUATHLONMONT-TREMBLANT
2013-06-09,8THANNUALRUNWALK4PATRICKFAMILYFEST
2013-06-09,DEFIDEUX-MONTAGNES
2013-06-09,DEFITRIATHLONOPTIMISTEDELACHINE
2013-06-09,DEMIMARATHONDESPOMPIERSDESHAWINIGAN
2013-06-09,LAGRANDEVIREEDESSENTIERSST-BRUNO
2013-06-15,METCONBLUEADVENTURERACE
2013-06-15,MUDHEROMONTREAL
2013-06-15,SUBARUGUELPHLAKEISPRINTTRIATHLON&DUATHLON
2013-06-15,TORONTOPEARSONRUNWAYRUN
2013-06-15,TOURDULACBROME
2013-06-15,TRIATHLONFBLDRUMMONDVILLE
2013-06-15,TRIATHLONLACBEAUPORT
2013-06-16,BARRIEHALFMARATHON
2013-06-16,DEFIDESESCALIERS
2013-06-16,LAFOULEEDESPARCS
2013-06-16,MANITOBAMARATHON
2013-06-16,SAUNDERSSUBARUVICTORIATRIATHLON
2013-06-16,TOURDULACBROME
2013-06-22,LEDEFIBEAUCERON
2013-06-22,SPORTS4EMILIE’SRUN
2013-06-22,TRIATHLON-DUATHLONTROIS-RIVIERES
2013-06-23,IRONMANMONT-TREMBLANT70.3
2013-06-23,IRONMANSYRACUSE70.3
2013-06-23,MULTISPORTCANADATRIATHLONSERIESWELLANDTRI/DU&GIVE-IT-A-TRI
2013-06-23,SCOTIABANKVANCOUVERHALFMARATHON
2013-06-29,DEMIMARATHONDESHERBROOKE
2013-06-29,PRIDEANDREMEMBRANCERUN
2013-06-29,TUPPERLAKETINMANTRIATHLON
2013-06-30,TRIATHLONACADEMIESTE-THERESE/VILLEDEBLAINVILLE
2013-06-30,TRIATHLONVICTORIAVILLE
2013-07-01,CGCOTTAWAGAMEOFLIFE5K&10KRUN/WALK
2013-07-06,COURSEDUFESTIVALCHAMPETREDESAINT-THECLE
2013-07-06,MIKECOLLINGWOODMEECHLAKETRIATHLON
2013-07-06,MUDHEROHALIFAX
2013-07-06,TRIATHLONDEGATINEAU
2013-07-06,TRIATHLONDESAGUENAY
2013-07-07,FORTDANSLACOURSE
2013-07-13,BUSHTUKAHBRINGONTHEBAY3KOPENWATERSWIM
2013-07-13,KNEEKNACKERINGNORTHSHORETRAILRUN
2013-07-13,OTTAWABICYCLECLUBGRANDPRIX
2013-07-13,TRIATHLONDULAC-DELAGE
2013-07-13,VERTLERAID-QUEBECMEGATRAIL
2013-07-14,CHALLENGEO2MERRELL
2013-07-14,DEFIDESDAMESDECOEUR
2013-07-14,"GRAHAMBEASLEYTRIATHLON,DUATHLON&RELAYS"
2013-07-20,ACROSSTHELAKESWIM
2013-07-21,CYCLO-ORFORD
2013-07-21,LINDSAYMILKRUN
2013-07-21,THEFRIENDLYMASSEYMARATHON
2013-07-21,TRIATHLONVERDUN
2013-07-27,FESTI-BEACHDULACALATORTUE
2013-07-28,IRONMANLAKEPLACID
2013-07-28,TRIATHLONCHARLEVOIX
2013-08-03,NATIONALCAPITAL5AND10KMRUN
2013-08-03,NATIONALCAPITALTRIATHLONDUATHLONANDRELAYS
2013-08-03,VERTLERAID-DEMI-MARATHONDEL'ISLE-AUX-COUDRES
2013-08-04,DÉFIBORÉALSAINTE-ANNE-DE-BELLEVUE
2013-08-04,IRONMAN70.3STEELHEAD
2013-08-04,K-TOWNTRIATHLONANDDUATHLON
2013-08-04,MUSKOKAROCKS5&10K
2013-08-04,TRIATHLONSTE-AGATHE
2013-08-04,TRIATHLONTERREBONNE
2013-08-10,LARUEEDESJARRETS
2013-08-10,SEAWHEEZEHALFMARATHON
2013-08-10,TRIATHLONPROMUTUELDUFJORD
2013-08-11,DEMI-MARATHONDUMONT-TREMBLANT
2013-08-11,GRANFONDOGARNEAU-CASCADES
2013-08-11,GREATRAISINRIVERFOOTRACE
2013-08-11,IRONGIRLTRIFORACURE
2013-08-11,TRIATHLONTRIMEMPHREDEMAGOG
2013-08-14,LE5KMENDURANCE
2013-08-16,VERTLERAID-XCDELAVALLEE
2013-08-17,AMIDSUMMERNIGHTSRUN
2013-08-17,TIMBERMANSPRINTTRIATHLON
2013-08-17,VERTLERAID-XCDELAVALLEE
2013-08-18,IRONMAN70.3TIMBERMAN
2013-08-18,IRONMANMONT-TREMBLANT
2013-08-18,THOUSANDISLANDTRIATHLON/DUATHLONANDRELAY
2013-08-18,VERTLERAID-XCDELAVALLEE
2013-08-24,MUDHERO
2013-08-24,TORONTOWOMENS10K&5K
2013-08-24,TRIATHLONSAINTE-ADELE
2013-08-25,CORNWALLTRIATHLON
2013-08-25,EDMONTONMARATHON
2013-08-25,IRONMANCANADA
2013-08-25,IRONMANLOUISVILLE
2013-08-25,LAVALSEDESCOUREURS
2013-08-25,MARATHONDESDEUXRIVESLÉVIS-QUÉBEC
2013-08-25,MULTISPORTCANADATRIATHLONSERIESTORONTOISLAND
2013-08-25,TRIATHLONDEVALLEYFIELD
2013-08-25,VERTLERAID-RAIDBRAS-DU-NORD
2013-08-31,CANADIANIRON226TRIATHLONDUATHLONANDRELAYS
2013-08-31,SUBARUGUELPHLAKEIITRIATHLONANDDUATHLON
2013-08-31,THECANADIANMARATHONHALFMARATHON8KMAND3KMRUNS
2013-09-02,DEFIPOPULAIRECOURSE/DUATHLON/TRIATHLONLAVALLEEDURICHELIEU
2013-09-07,DEFIJEBOUGE
2013-09-07,LEPENTATHLONDEVICTORIAVILLE
2013-09-07,TRIATHLONESPRITDEMONTREAL
2013-09-07,ULTRA-TRAILHARRICANADECHARLEVOIX
2013-09-08,B&OYORKVILLERUN
2013-09-08,CANMOREROCKYMOUNTAINHALFMARATHON
2013-09-08,DEMI-MARATHONGRANBY
2013-09-08,IRONMAN70.3MUSKOKA
2013-09-08,IRONMAN70.3WORLDCHAMPIONSHIP
2013-09-08,RUNFORTHEANIMALS
2013-09-14,CYCLOLA*MONTREALAISE
2013-09-14,DUATHLONSAINT-SAUVEUR
2013-09-14,GRANFONDONIAGARAFALLS
2013-09-15,LAGRANDEVADROUILLE
2013-09-21,DEFIVELOMAG
2013-09-21,OASISZOORUN
2013-09-22,ARMYRUN-COURSEDEL'ARMEE
2013-09-22,DEFIVELOMAG
2013-09-22,MARATHON OASIS DE MONTREAL
2013-09-22,MARATHONOASISDEMONTREAL
2013-09-22,NUTRIENCEOAKVILLEHALF-MARATHONAND10KM
2013-09-28,MELISSA'SROADRACE
2013-09-28,WAKEFIELDMOONLIGHTRIVERRUN
2013-09-29,COURSESTE-SOPHIE
2013-09-29,COURSEPOPULAIREDUPARCANGRIGNON
2013-09-29,LASTCHANCETRIATHLON
2013-09-29,UNPASVERSL'ESPOIR
2013-10-05,ALUNGRUN
2013-10-05,BEAUCERUN
2013-10-06,CLASSIQUEDUPARCLAFONTAINE
2013-10-06,MARATHONDERIMOUSKI
2013-10-06,MONTREALCIBCRUNFORTHECURE
2013-10-06,THECOUNTYMARATHON
2013-10-12,FALLCOLOURSDUATHLON
2013-10-12,IRONMANWORLDCHAMPIONSHIP
2013-10-13,BMOOKANAGANMARATHON
2013-10-13,DEMIMARATHONDESCOULEURSDEBECANCOUR
2013-10-13,LECROSSDESCOULEURS
2013-10-13,OTTAWAFALLCOLOURSMARATHONEVENTS
2013-10-19,9RUNRUN
2013-10-19,CROSS-COUNTRYSAINT-LAURENTSELECT
2013-10-20,DEFIDUTOURDULACBEAUPORT
2013-10-20,SCOTIABANKTORONTOWATERFRONTMARATHON
2013-10-26,COURSE10KMAPOCALYPSE/COURSEDESCITROUILLES
2013-10-26,DEFICOURSESDUFESTIVALDECHASSEDELAHAUTE-SAINT-MAURICE
2013-10-26,OTTAWABEATBEETHOVEN
2013-10-27,IRONMAN70.3AUSTIN
2013-10-27,IRONMAN70.3MIAMI
2013-10-27,NIAGARAFALLSINTERNATIONALMARATHON
2013-10-27,RATTLEMEBONES5AND10KM
2013-11-02,COURSEDUPORTAGEUR
2013-11-02,HEATHERSAALTINKMEMORIALRUN
2013-11-02,IRONMANFLORIDA
2013-11-03,OKAROADRACE
2013-11-09,TIMHORTONSCASABLANCACLASSIC8&3K
2013-11-10,FATASSTRAILRUN
2013-11-23,LEDEFIDESPERESNOELDELAFONDATIONHOPITALPIERRE-BOUCHER
2013-12-08,HONOLULUMARATHON
2014-01-25,FROSTANDFIRETRIAND10K
2014-01-25,VERTLERAID-TRAILDELANUITPOLAIRE
2014-02-01,TRIATHLOND'HIVERSAINT-DONAT
2014-02-01,WINTERLUDETRIATHLONBALDENEIGE
2014-02-09,DEFIHIVERNALBIZZ-OR
2014-02-15,GATINEAULOPPET
2014-02-16,DEMIMARATHONHYPOTHERMIQUE
2014-02-16,DÉFIHIVERNALILEBIZARD
2014-02-16,GATINEAULOPPET
2014-02-16,WINTERMANMARATHONANDMARATHONRELAYS
2014-02-17,TIMHORTONSGRIMSBYHALFMARATHONANDFAMILYDAY10K&3K
2014-02-22,DEFINORDIQUE
2014-02-23,DEFINORDIQUE
2014-02-23,MORIN-HEIGHTSVIKINGLOPPET
2014-02-23,YMCAOFPETERBOROUGHHALF-MARATHONAND5KM
2014-03-02,OKASKIMARATHON
2014-03-08,TRIATHLOND'HIVERITU
2014-03-15,OTTAWASTPATRICK'SDAYRUN
2014-03-15,TOURDUMONTVALIN
2014-03-16,IRONMAN70.3MONTERREY
2014-03-29,IRONMAN70.3CALIFORNIAOCEANSIDE
2014-03-30,AROUNDTHEBAYROADRACES
2014-03-30,COURSEETMARCHEPOPULAIRESDELASALLE
2014-03-30,IRONMANLOSCABOS
2014-04-05,HARRY'SSPRINGRUNOFF
2014-04-05,JORDAN1KMAND5KM
2014-04-13,COURSESAINT-LAURENT
2014-04-13,IRONMAN70.3PUERTORICO
2014-04-13,SMITHFALLSSPRINGFLINGRUNNINGTHING
2014-04-13,TORONTOYONGESTREET10K
2014-04-20,COURSEPRINTANIEREOKA
2014-04-26,"RUNTOENDMSHALF-MARATHON,5KMAND10KM"
2014-04-27,2014VANCOUVERSUNRUN
2014-04-27,BANQUESCOTIA21KMET5KM
2014-04-27,COURSEDUCEGEPTROIS-RIVIERES
2014-04-27,LIMESTONEHALF-MARATHONAND5KM
2014-04-27,MERCEDES-BENZ10K
2014-05-03,IRONMAN70.3ST.GEORGE
2014-05-03,MISSISSAUGAMARATHONRACES
2014-05-03,WAKEFIELDCOVEREDBRIDGERUN
2014-05-04,BMOVANCOUVERMARATHON
2014-05-04,COUPEDIX30
2014-05-04,COURSESTE-AGATHE
2014-05-04,DEMIMARATHONINTERNATIONALOASISDELEVIS
2014-05-04,DÉFICOURSEETMARCHEDESJARDINSSAINTETHÉRÈSE
2014-05-04,GOODLIFEFITNESSTORONTOMARATHON
2014-05-04,MISSISSAUGAMARATHONRACES
2014-05-10,BONJOURPRINTEMPS
2014-05-10,COURSEDELAFONDATIONHOPITALSAINTJEROME
2014-05-10,LECHALLENGEIRCM-COURIRPOURLAVIE
2014-05-11,AURYTHMEDENOSFOULÉESCHÂTEAUGUAY
2014-05-11,DEFIGERARDCOTEDEST-HYACINTHE
2014-05-11,LACOURSEDEFISANTEDEMORTAGNE
2014-05-11,SPORTINGLIFE10K
2014-05-14,COURSEMECQUEBEC#2
2014-05-15,DÉFISANTÉPLESSISVILLE
2014-05-17,DEFIMEMPHRE
2014-05-17,IRONMANTEXAS
2014-05-17,OTTAWAEARLYBIRDTRIATHLONANDDUATHLON
2014-05-18,COURSESTE-SOPHIE
2014-05-18,DESCHENESTOI
2014-05-18,DUATHLONSOREL-TRACY
2014-05-18,LETOURDELAPOINTE
2014-05-18,SCOTIABANKBLUENOSEMARATHON
2014-05-18,VERTLERAID-LESENTIERURBAIN
2014-05-19,TRAILDUCOUREURDESBOISDEDUCHESNAY
2014-05-24,TAMARACKOTTAWARACEWEEKEND
2014-05-25,COURSEPOURVAINCRELASCLEROSEENPLAQUESMONT-TREMBLANT
2014-05-25,DEFIDESSEMELLESD'ACTONVALE
2014-05-25,SASKATCHEWANMARATHON
2014-05-25,TAMARACKOTTAWARACEWEEKEND
2014-05-25,TORONTOWOMEN'SHALFMARATHON&5K
2014-05-25,TRIATHLONDUATHLOND'OKA
2014-05-31,DEFIPHYSIOEXTRADETERREBONNE
2014-05-31,DEMIMARATHONGENERATIONS
2014-05-31,DÉFITRI-O-LACS
2014-05-31,IRONMAN70.3HAWAII
2014-05-31,MUDHEROOTTAWA
2014-06-01,COURSED'ETEDESILESDEBOUCHERVILLE
2014-06-01,DESCENTEROYALE
2014-06-01,IRONMAN70.3RALEIGH
2014-06-01,NIAGARAFALLSWOMEN'SHALFMARATHON
2014-06-01,SUBARUMILTONTRIATHLON
2014-06-01,TRIATHLONDEJOLIETTE
2014-06-07,BARRHAVENRUNFORROGER'SHOUSE
2014-06-07,TOURDUCAPTOURMENTE
2014-06-07,VERTLERAID-TRAILLACLINIQUEDUCOUREUR
2014-06-08,9THANNUALRUN4PATRICK
2014-06-08,AVOTRERYTHME
2014-06-08,BREADANDHONEYRACES
2014-06-08,COURSEMECQUEBEC#3
2014-06-08,DEMIMARATHONDESPOMPIERSDESHAWINIGAN
2014-06-08,GRANDPRIXCYCLISTEDEGATINEAU
2014-06-08,IRONMAN70.3EAGLEMAN
2014-06-08,LAGRANDEVIREEDESSENTIERSST-BRUNO
2014-06-08,TRIATHLON/DUATHLONMONT-TREMBLANT
2014-06-14,MUDHEROMONTREAL
2014-06-14,OTTAWARIVERTRIATHLON&DUATHLON
2014-06-14,TORONTOPEARSONRUNWAYRUN
2014-06-14,TOURDULACBROME
2014-06-14,TRIATHLONFBLDRUMMONDVILLE
2014-06-15,DEFITRIATHLONOPTIMISTEDELACHINE
2014-06-15,DEFIDESESCALIERS
2014-06-15,LAFOULEEDESPARCS
2014-06-15,MANITOBAMARATHON
2014-06-15,MUDHEROMONTREAL
2014-06-15,MULTISPORTCANADATRIATHLONSERIESWELLANDTRI/DU&GIVE-IT-A-TRI
2014-06-15,TOURDULACBROME
2014-06-15,TRIATHLONLACBEAUPORT
2014-06-21,LEDEFIBEAUCERON
2014-06-21,SPORTS4EMILIE'SRUN
2014-06-21,TRIATHLON/DUATHLONTROIS-RIVIERES
2014-06-22,IRONMAN70.3SYRACUSE
2014-06-22,IRONMANMONT-TREMBLANT70.3
2014-06-22,SCOTIABANKVANCOUVERHALFMARATHON
2014-06-28,DEMIMARATHONDESHERBROOKE
2014-06-28,LESDÉFISDELACOURSEDUCARTON-CARTONFOLIES
2014-06-28,TOUGHMANTUPPERLAKETINMAN
2014-06-28,TRIATHLONVICTORIAVILLE
2014-06-29,CHALLENGEATLANTICCITY
2014-06-29,TRIATHLONACADEMIESTE-THERESE/VILLEDEBLAINVILLE
2014-06-29,TRIATHLONVICTORIAVILLE
2014-07-01,SCOTIABANKCANADADAYROADRACES
2014-07-02,COUPEDIX30
2014-07-05,MIKECOLLINGWOODMEECHLAKETRIATHLON
2014-07-05,TRIATHLONDEGATINEAU
2014-07-05,TRIATHLONDESAGUENAY
2014-07-06,FORTDANSLACOURSE
2014-07-06,MUDHEROHALIFAX
2014-07-06,SUBARUPETERBOROUGHTRIATHLONANDDUATHLON
2014-07-06,TRIATHLONSAINTLAMBERT
2014-07-12,BUSHTUKAHBRINGONTHEBAY3KOPENWATERSWIM
2014-07-12,KNEEKNACKERINGNORTHSHORETRAILRUN
2014-07-12,THENORTHFACEENDURANCECHALLENGEONTARIO-TRAIL
2014-07-12,TRIATHLONDULAC-DELAGE
2014-07-12,VERTLERAID-QUEBECMEGATRAIL
2014-07-13,CHALLENGEO2MERRELL
2014-07-13,DEFIDESDAMESDECOEURDESJARDINS
2014-07-13,GRANFONDOMONTSAINTE-ANNE
2014-07-13,THENORTHFACEENDURANCECHALLENGEONTARIO-TRAIL
2014-07-19,TRIATHLONTRIMEMPHREDEMAGOG
2014-07-20,LINDSAYMILKRUN
2014-07-20,THEFRIENDLYMASSEYMARATHON
2014-07-20,TRIATHLONTRIMEMPHREDEMAGOG
2014-07-27,CYCLO-ORFORD
2014-07-27,IRONMANCALGARY70.3
2014-07-27,IRONMANCANADA
2014-07-27,IRONMANLAKEPLACID
2014-07-27,TRIATHLONCHARLEVOIX
2014-08-02,NATIONALCAPITALTRIATHLONDUATHLONANDRELAYS
2014-08-02,TRIATHLONVALD'OR
2014-08-02,VERTLERAID-DEMI-MARATHONDEL'ISLE-AUX-COUDRES
2014-08-03,DÉFIBORÉALSAINTE-ANNE-DE-BELLEVUE
2014-08-03,SELF-TRANSCENDENCETRIATHLON/DUATHLON
2014-08-03,TRIATHLONSTE-AGATHE
2014-08-03,TRIATHLONTERREBONNE
2014-08-05,COUPEDIX30
2014-08-09,TRIATHLONDUFJORD
2014-08-10,DEMIMARATHONMONT-TREMBLANT
2014-08-10,GRANFONDOGARNEAU-CASCADES
2014-08-10,GREATRAISINRIVERFOOTRACE
2014-08-10,MULTISPORTCANADATRIATHLONSERIESBRACEBRIDGE
2014-08-10,TRIATHLONVERDUN
2014-08-13,LE5KMENDURANCE
2014-08-15,VERTLERAID-XCDELAVALLEE
2014-08-16,AMIDSUMMERNIGHTSRUN
2014-08-16,TIMBERMANTRIATHLON
2014-08-16,TRIATHLONSAINT-DONAT
2014-08-16,VERTLERAID-XCDELAVALLEE
2014-08-17,IRONMAN70.3TIMBERMAN
2014-08-17,IRONMANMONT-TREMBLANT
2014-08-17,VERTLERAID-XCDELAVALLEE
2014-08-23,MARATHONSSQLÉVIS-QUÉBEC
2014-08-23,MUDHEROTORONTO
2014-08-23,SEAWHEEZEHALFMARATHON
2014-08-23,TRIATHLONDEVALLEYFIELD
2014-08-24,DEMI-MARATHONBONNEVILLEDELACHINE
2014-08-24,EDMONTONMARATHON
2014-08-24,IRONMANLOUISVILLE
2014-08-24,LAVALSEDESCOUREURS
2014-08-24,MARATHONSSQLÉVIS-QUÉBEC
2014-08-24,MULTISPORTCANADATRIATHLONSERIESTORONTOISLAND
2014-08-24,TRIATHLONDEVALLEYFIELD
2014-08-30,CANADIANIRON226TRIATHLONDUATHLONANDRELAYS
2014-08-30,DEFIPOPULAIRECOURSE/DUATHLON/TRIATHLONLAVALLEEDURICHELIEU
2014-08-30,THECANADIANMARATHONHALFMARATHON8KMAND3KMRUNS
2014-08-30,VERTLERAID-XTERRAQUEBEC
2014-08-31,VERTLERAID-XTERRAQUEBEC
2014-09-06,LEPENTATHLONDEVICTORIAVILLE
2014-09-06,TRIATHLONESPRITDEMONTREAL
2014-09-07,COUPEDIX30
2014-09-07,CREDITUNIONSQUEENCITYMARATHON
2014-09-07,CYCLOLAMONTREALAISE
2014-09-07,DEMI-MARATHONDELACOTE-DE-BEAUPRE
2014-09-07,IRONMAN70.3MUSKOKA
2014-09-07,IRONMANMONT-TREMBLANT70.3WORLDCHAMPIONSHIP
2014-09-13,CYCLOLAQUEBECOISE
2014-09-13,DUATHLONSAINT-SAUVEUR
2014-09-13,THENORTHFACEULTRA-TRAILHARRICANADUCANADA
2014-09-14,COURSEFONDATIONHOTELDIEUDESOREL
2014-09-14,COURSEMECQUEBEC#4
2014-09-14,DEMI-MARATHONGRANBY
2014-09-14,MULTISPORTCANADATRIATHLONSERIESLAKESIDE
2014-09-20,DEFIVELOMAG
2014-09-20,IRONMANMARYLAND
2014-09-20,OASISZOORUN
2014-09-21,ARMYRUN-COURSEDEL'ARMÉE
2014-09-21,COURSEPOPULAIREDUPARCANGRIGNON
2014-09-21,DEFIDUPARC
2014-09-21,IRONMAN70.3PRINCETON
2014-09-21,LAGRANDEVADROUILLE
2014-09-21,LACOURSEDEFONTAINEBLEAU
2014-09-21,MULTISPORTCANADA:NIAGARAFALLSBARRELMANTRIATHLON
2014-09-21,NUTRIENCEOAKVILLEHALF-MARATHONAND10KM
2014-09-27,GRANFONDOCOLNAGO
2014-09-27,MELISSA'SROADRACE
2014-09-28,COURSEDELACITE-LIMOILOU
2014-09-28,MARATHON OASIS ROCK ‘N’ ROLL DE MONTRÉAL
2014-09-28,MARATHONOASISROCK‘N’ROLLDEMONTRÉAL
2014-09-28,RUNFORTHEGRAPESHALF-MARATHONAND5KMRUN
2014-10-04,CROSS-COUNTRYSAINT-LAURENTSELECT
2014-10-04,DEFIDESCOULEURS
2014-10-04,HO`ALASWIM
2014-10-04,RUNFORTHETOAD
2014-10-05,COUPEDIX30
2014-10-05,MARATHONDERIMOUSKI
2014-10-05,THECOUNTYMARATHON
2014-10-09,GCWCCWELLNESSCHALLENGE-DEFIMIEUX-ETRECCMTGC
2014-10-11,BEAUCERUN
2014-10-11,IRONMANWORLDCHAMPIONSHIPPRESENTEDBYGOPRO
2014-10-12,BMOOKANAGANMARATHON
2014-10-12,DEMI-MARATHONDESCOULEURSPROMUTUEL
2014-10-12,LECROSSDESCOULEURS
2014-10-12,OTTAWAFALLCOLOURSMARATHONEVENTS
2014-10-18,9RUNRUN
2014-10-19,CLASSIQUEDUPARCLAFONTAINE
2014-10-19,DEFITOURDULACBEAUPORT
2014-10-19,OURHOSPITALWALK-RUN
2014-10-19,SCOTIABANKTORONTOWATERFRONTMARATHON
2014-10-25,TORONTOWOMEN'S8K/5K
2014-10-26,COUPEDIX30-ÉTAPE6
2014-10-26,COURSEMECQUEBEC#5
2014-10-26,IRONMAN70.3MIAMI
2014-10-26,NIAGARAFALLSINTERNATIONALMARATHON
2014-10-26,SOUTHOTTAWARACEDAY
2014-11-01,COURSEDUPORTAGEUR
2014-11-01,IRONMANFLORIDA
2014-11-02,COURSED'OKARACE
2014-11-16,IRONMANARIZONA
2015-01-24,VERTLERAID-TRAILDELANUITPOLAIRE
2015-01-31,WINTERLUDETRIATHLON
2015-02-07,QUÉBECITUTRIATHLONHIVER
2015-02-08,COURSEMECLONGUEUIL#1
2015-02-14,GATINEAULOPPET
2015-02-15,DEMIMARATHONHYPOTHERMIQUE
2015-02-15,DÉFIHIVERNALILEBIZARD
2015-02-15,GATINEAULOPPET
2015-02-15,WINTERMANMARATHONANDMARATHONRELAYS
2015-02-16,PENTATHLONDESNEIGES
2015-02-22,DEMI-MARATHONDESGLACES
2015-02-22,LOPPETVIKINGDEMORIN-HEIGHTS
2015-02-22,YMCAHALFMARATHON
2015-02-28,OKASKIMARATHON
2015-03-14,TOURDUMONTVALINSKI
2015-03-15,ACHILLESST.PATRICK'SDAY5K
2015-03-15,IRONMAN70.3MONTERREY
2015-03-15,LETOURDEL'HORLOGE
2015-03-29,AROUNDTHEBAY30KROADRACE
2015-03-29,COURSEETMARCHEPOPULAIRESDELASALLE
2015-04-04,COURSEMECQUÉBEC#1-LEDÉFIDESCOCOS
2015-04-04,HARRY'SSPRINGRUNOFF
2015-04-12,COURSEMECMONTRÉAL#2
2015-04-12,COURSESAINT-LAURENT
2015-04-12,RUNFORREACH
2015-04-19,COURSEMECLONGUEUIL#2
2015-04-19,TORONTOYONGESTREET10K
2015-04-19,VANCOUVERSUNRUN
2015-04-25,DEMI-MARATHONDESÉRABLES
2015-04-26,BANQUESCOTIA21KDEMONTREAL
2015-04-26,COURSEDUPRINTEMPSDUCÉGEPDETROIS-RIVIÈRES
2015-04-26,DEMI-MARATHONDESGUÉPARDS
2015-04-26,DÉFISANTÉDEMORTAGNE
2015-04-26,KRRALIMESTONERACEWEEKEND
2015-05-02,DIEFENBOOKERCLASSIC
2015-05-02,WAKEFIELDCOVEREDBRIDGERUN
2015-05-03,BMOVANCOUVERMARATHON
2015-05-03,COURSEPRINTANIEREPARCNATIONALD'OKA
2015-05-03,DEMI-MARATHONINTERNATIONALOASISDELÉVIS
2015-05-03,DÉFICOURSEETMARCHEDESJARDINSSAINTETHÉRÈSE
2015-05-03,GOODLIFEFITNESSTORONTOMARATHON
2015-05-03,MISSISSAUGAMARATHONRACES
2015-05-09,BONJOURPRINTEMPS
2015-05-09,COURIRANOTRESANTÉFONDATIONSAINT-JEROME
2015-05-09,CHALLENGEIRCM
2015-05-09,COURSAPRÈSMOI
2015-05-09,COURSTONPARCOURS
2015-05-10,AURYTHMEDENOSFOULÉESCHÂTEAUGUAY
2015-05-10,COURSEMECMONTRÉAL#3
2015-05-10,DÉFIGÉRARD-CÔTÉ
2015-05-10,SPORTINGLIFE10KOTTAWA
2015-05-10,SPORTINGLIFE10KTORONTO
2015-05-16,MEMORIALHERMANNIRONMANNORTHAMERICANCHAMPIONSHIPTEXAS
2015-05-16,OTTAWAEARLYBIRDTRIATHLON
2015-05-17,COURSEMECLONGUEUIL#3
2015-05-17,DESCHENES-TOI
2015-05-17,DUATHLONSOREL-TRACY
2015-05-17,LE21KMBOUTIQUECOURIR
2015-05-17,SCOTIABANKBLUENOSEMARATHON
2015-05-17,TOURDELAPOINTE
2015-05-17,VERTLERAID-LESENTIERURBAIN
2015-05-18,TRAILDUCOUREURDESBOISDEDUCHESNAY
2015-05-23,TAMARACKOTTAWARACEWEEKEND
2015-05-24,TORONTOWOMEN'SHALFMARATHON&5K
2015-05-24,TAMARACKOTTAWARACEWEEKEND
2015-05-30,DEMI-MARATHONGÉNÉRATIONS
2015-05-30,DEMI-MARATHONDESVIGNOBLES
2015-05-30,DÉFIPHYSIOEXTRADETERREBONNE
2015-05-30,DÉFITRI-O-LACS
2015-05-31,COURSED’ÉTÉDESÎLESDEBOUCHERVILLE
2015-05-31,COURSEMECQUÉBEC#2-COURSESURSENTIER
2015-05-31,SASKATCHEWANMARATHON
2015-05-31,TRIATHLONCHALLENGEANTOINE-MANSEAUJOLIETTE
2015-06-06,BARRHAVENRUNFORROGER'SHOUSE
2015-06-06,MUDHEROOTTAWA
2015-06-06,TOURDUCAPTOURMENTESIMARD
2015-06-06,VERTLERAID-TRAILLACLINIQUEDUCOUREUR
2015-06-07,BREADANDHONEYROADRACE
2015-06-07,COURSEMECMONTRÉAL#4
2015-06-07,COURSESTE-AGATHE
2015-06-07,DEMI-MARATHONDESPOMPIERSDESHAWINIGAN
2015-06-07,DÉFIPIERREBRISE-BOIS
2015-06-07,GRANDPRIXCYCLISTEGATINEAU
2015-06-07,LAGRANDEVIRÉEDESSENTIERS
2015-06-07,MILTONSUBARUTRIATHLON
2015-06-07,NIAGARAFALLSWOMEN'SHALFMARATHON
2015-06-07,ÀVOTRERYTHME!
2015-06-13,COURSEDESVOISINSDEDAVELUYVILLE
2015-06-13,OTTAWARIVERTRIATHLON
2015-06-13,TOURDULACBROMEMERRELL
2015-06-13,TRIATHLONFBLDRUMMONDVILLE
2015-06-14,COURSEMECQUÉBEC#3-DEMI-MARATHONDEST-RAYMOND
2015-06-14,DÉFIDESESCALIERS
2015-06-14,EDGETOEDGEMARATHON
2015-06-14,MULTISPORTCANADATRIATHLONSERIESWELLANDTRI/DU&GIVE-IT-A-TRI
2015-06-14,TOURDULACBROMEMERRELL
2015-06-20,5I50MONT-TREMBLANT
2015-06-20,GUELPHLAKEISUBARUTRIATHLON
2015-06-20,LEDÉFIBEAUCERON
2015-06-20,MUDHEROMONTREAL
2015-06-21,DEMI-MARATHONDUBALUCHON
2015-06-21,IRONMAN70.3MONT-TREMBLANT
2015-06-21,IRONMAN70.3SYRACUSE
2015-06-21,LAFOULÉEDESPARCS
2015-06-21,MANITOBAMARATHON
2015-06-27,DEMI-MARATHONDESHERBROOKE
2015-06-27,L'ULTIMECONQUÊTE-TOMEII
2015-06-27,LETRIATHLONDEVICTORIAVILLE
2015-06-27,TOUGHMANTUPPERLAKETINMAN
2015-06-28,LETRIATHLONDEVICTORIAVILLE
2015-06-28,TRIATHLONACADEMIESAINTE-THERESE
2015-06-30,COURSED'UNSOIRD'ETEDELONGUEUIL
2015-07-01,SCOTIABANKCANADADAYROADRACES
2015-07-03,LE5ET10KMDUPTITTRAINDUNORD
2015-07-04,TRIATHLONDUFJORD
2015-07-04,TRIATHLONDEGATINEAU
2015-07-05,IRONMAN70.3MUSKOKA
2015-07-08,COURSEDUFESTIVALLAGIBELOTTE
2015-07-11,LAGRANDECOURSE
2015-07-11,TRIATHLONSAINT-LAMBERT
2015-07-11,VERTLERAID-QUÉBECMÉGATRAIL
2015-07-12,COURSEMECLONGUEUIL#4
2015-07-12,FORTDANSLACOURSE
2015-07-12,HINTONBURGCENTENNIAL5K
2015-07-12,SYDENHAMLAKESIDETRIATHLONANDDUATHLON
2015-07-18,ACROSSTHELAKESWIM
2015-07-18,TRIATHLONNEPTUNEDESAINTE-ADELE
2015-07-18,TRIATHLONDEQUÉBEC
2015-07-19,FRIENDLYMASSEYMARATHON
2015-07-19,GRANFONDOMONT-SAINTE-ANNE
2015-07-19,TRIATHLONRIVIÈRES-DES-PRAIRIES
2015-07-25,TRIMEMPHRÉMAGOG
2015-07-26,IRONMANCANADA
2015-07-26,IRONMANLAKEPLACID
2015-07-26,TRIATHLONDECHARLEVOIX
2015-07-26,TRIMEMPHRÉMAGOG
2015-08-01,NATIONALCAPITALTRIATHLONDUATHLONANDRELAYS
2015-08-01,RAIDVÉLOMAG-VÉLIRIUM
2015-08-01,TRIATHLONDEVALD'OR
2015-08-01,VERTLERAID-DEMI-MARATHONDEL'ISLE-AUX-COUDRES
2015-08-02,COURSEMECMONTRÉAL#6
2015-08-02,DÉFIBORÉALSAINTE-ANNE-DE-BELLEVUE
2015-08-02,KINGSTONTRIATHLON
2015-08-02,TRIATHLONSTE-AGATHE
2015-08-02,TRIATHLONDETERREBONNE
2015-08-04,RENDEZVOUSAUDIX30
2015-08-09,DEMI-MARATHONDEMONT-TREMBLANT
2015-08-09,GRANFONDOGARNEAUQUÉBECOR
2015-08-09,TRIATHLONDEVERDUN
2015-08-12,LE5KMENDURANCE
2015-08-14,VERTLERAID-XCDELAVALLEE
2015-08-15,L'ECHAPEEBELLE
2015-08-15,SEAWHEEZEHALFMARATHON
2015-08-15,TIMBERMANTRIATHLON
2015-08-15,VERTLERAID-XCDELAVALLEE
2015-08-15,TRIATHLONDUSAGUENAY
2015-08-16,DEMI-MARATHONDESVERGERS
2015-08-16,IRONMANMONT-TREMBLANT
2015-08-16,ORILLIASUBARUTRIATHLON
2015-08-16,THOUSANDISLANDTRIATHLON/DUATHLONANDRELAY
2015-08-16,TIMBERMAN70.3
2015-08-16,VERTLERAID-XCDELAVALLEE
2015-08-22,TORONTOISLANDTRIATHLON
2015-08-22,TOURDELABAIE
2015-08-23,CORNWALLTRIATHLON
2015-08-23,DEMI-MARATHONBONNEVILLEDELACHINE
2015-08-23,EDMONTONMARATHON
2015-08-23,GRANFONDOCENTRE-DU-QUÉBEC
2015-08-23,LAVALSEDESCOUREURS
2015-08-23,TRIATHLONVALLEYFIELD
2015-08-29,TORONTOWOMEN'S10K&5K
2015-08-29,WASAGABEACHTRIATHLON
2015-08-30,IRONMANMUSKOKA
2015-08-30,MARATHONSSQLÉVIS-QUÉBEC
2015-09-05,CANADIANIRON113TRIATHLONDUATHLONANDRELAYS
2015-09-05,COURSEMECMONTRÉAL#7-LACOURSE-LUMIÈRE
2015-09-05,DÉFIPOPULAIREDELAVALLÉEDURICHELIEU
2015-09-05,GUELPHLAKEIISUBARUTRIATHLON
2015-09-05,TRIATHLONDUCHESNAY
2015-09-06,30KMSURLESRIVESDEBOUCHERVILLE
2015-09-12,LEPENTATHLONDEVICTORIAVILLE
2015-09-12,OASISZOORUN
2015-09-12,TRAILCLB
2015-09-12,TRIATHLONESPRITDEMONTREAL
2015-09-13,B&OYORKVILLERUN
2015-09-13,CANMOREROCKYMOUNTAINHALFMARATHON
2015-09-13,DEMI-MARATHONDELACÔTE-DE-BEAUPRÉ
2015-09-13,IRONMANWISCONSIN
2015-09-13,LACOURSEDELAFONDATIONHOTEL-DIEU-DE-SOREL
2015-09-13,LE10KMDEL'UNIVERSITÉLAVAL
2015-09-13,LAGRANDEVADROUILLE
2015-09-13,LEPENTATHLONDEVICTORIAVILLE
2015-09-13,SASKATCHEWANCREDITUNIONSQUEENCITYMARATHON
2015-09-13,TRIATHLONESPRITDEMONTREAL
2015-09-19,ULTRA-TRAILHARRICANADUCANADA(UTHC)
2015-09-20,ARMYRUN-COURSEDEL'ARMÉE
2015-09-20,COURSEMECQUÉBEC#4-COURSEDESCOULEURSMEC
2015-09-20,MARATHON OASIS ROCK 'N' ROLL DE MONTREAL
2015-09-20,MARATHONOASISROCK'N'ROLLDEMONTREAL
2015-09-26,MELISSA'SROADRACE
2015-09-26,OTTAWARUNFORPALESTINE
2015-09-26,PEARSONRUNWAYRUN
2015-09-26,WAKEFIELDMOONLIGHTRIVERRUN
2015-09-27,COURSEMECLONGUEUIL#5
2015-09-27,COURSEDELACITÉ-LIMOILOU
2015-09-27,COURSEPOPULAIREDUPARCANGRIGNON
2015-09-27,LACOURSEDEFONTAINEBLEAU
2015-10-03,BEAUCERUN
2015-10-03,CROSS-COUNTRYSAINT-LAURENTSELECT
2015-10-03,DEFIDESCOULEURS-SIMARD
2015-10-04,CLASSIQUEEMILIE-MONDOR
2015-10-04,DEMI-MARATHONDEGRANBY
2015-10-04,MARATHONDERIMOUSKI
2015-10-04,THECOUNTYMARATHON
2015-10-08,WELLNESSCHALLENGE
2015-10-10,IRONMANWORLDCHAMPIONSHIP
2015-10-11,BMOOKANAGANMARATHON
2015-10-11,DEMI-MARATHONDESCOULEURSPROMUTUEL
2015-10-11,DEMIMARATHONDELONGUEUIL
2015-10-11,IRONMANLOUISVILLE
2015-10-11,LECROSSDESCOULEURS
2015-10-11,OTTAWAFALLCOLOURSMARATHON
2015-10-12,DEMI-MARATHONDUBOISDEBELLE-RIVIÈRE
2015-10-18,CLASSIQUEDUPARCLAFONTAINE
2015-10-18,DEFITOURDULACBEAUPORT
2015-10-18,SCOTIABANKTORONTOWATERFRONTMARATHON
2015-10-23,DÉFIELESENTIER
2015-10-24,DÉFIELESENTIER
2015-10-25,15KMAUPIEDDUMONTSAINT-HILAIRE
2015-10-25,IRONMAN70.3MIAMI
2015-10-25,IRONMANANDIRONMAN70.3LOSCABOS
2015-10-25,RATTLEMEBONES
2015-11-01,COURSEMECLONGUEUIL#7
2015-11-01,COURSED'OKA
2015-11-08,DEMI-MARATHONDESMICROBRASSERIES
2015-11-21,HOBBLEGOBBLEPREDICTIONRUN
2015-11-29,IRONMANCOZUMEL
2015-12-06,COURSEDUPÈRENOËLCASSELMANSANTARUN
2015-12-06,INTERTRUSTCAYMANISLANDSMARATHON
2016-02-14,DEMIMARATHONHYPOTHERMIQUE
2016-02-14,WINTERMANMARATHONANDMARATHONRELAYS
2016-02-21,DEMI-MARATHONDESGLACES
2016-02-21,DÉFIHIVERNALILEBIZARD
2016-02-21,QUÉBECITUTRIATHLOND'HIVER
2016-02-26,PENTATHLONDESNEIGES
2016-02-27,GATINEAULOPPET
2016-02-28,GATINEAULOPPET
2016-02-28,YMCAHALFMARATHON
2016-03-06,COURSEMECMONTRÉAL#1
2016-03-06,OKASKIMARATHON
2016-03-19,STPATRICKSDAYRACE
2016-03-19,TOURDUMONTVALINSKI
2016-03-20,COURSEETMARCHEPOPULAIRESDELASALLE
2016-03-26,COURSEMECQUÉBEC#1-LEDÉFIDESCOCOS
2016-04-03,AROUNDTHEBAY30KROADRACE
2016-04-09,RACEROSTERSPRINGRUNOFF
2016-04-10,COURSESAINT-LAURENT
2016-04-10,COURSESTHEMATIQUESLETOURDEL'HORLOGE
2016-04-10,IRONMAN70.3FLORIDA
2016-04-10,RUNFORREACH
2016-04-10,RUNFORRETINA
2016-04-16,MECOTTAWARACE1-THESPRINGFLYER
2016-04-24,BANQUESCOTIA21KDEMONTREAL
2016-04-24,DEMI-MARATHONDESGUÉPARDS
2016-04-24,KRRALIMESTONERACEWEEKEND
2016-04-24,MERCEDES-BENZOAKVILLE10K
2016-04-29,LE5KDESFLAMBEAUX
2016-04-30,MARATHONDESÉRABLES
2016-04-30,MISSISSAUGAMARATHONRACES
2016-04-30,RUNTOENDMS
2016-05-01,BMOVANCOUVERMARATHON
2016-05-01,COURSEPRINTANIEREPARCNATIONALD'OKA
2016-05-01,DEMI-MARATHONINTERNATIONALOASISDELÉVIS
2016-05-01,DÉFIENTREPRISESOTTAWAGATINEAU
2016-05-01,DÉFICOURSEETMARCHEDESJARDINSSAINTETHÉRÈSE
2016-05-01,GOODLIFEFITNESSTORONTOMARATHON
2016-05-01,MISSISSAUGAMARATHONRACES
2016-05-07,WAKEFIELDCOVEREDBRIDGERUN
2016-05-08,AURYTHMEDENOSFOULÉESCHÂTEAUGUAY
2016-05-08,DÉFIGÉRARD-CÔTÉ
2016-05-08,DÉFISANTÉDEMORTAGNE
2016-05-08,SPORTINGLIFE10KOTTAWA
2016-05-08,SPORTINGLIFE10KTORONTO
2016-05-14,BONJOURPRINTEMPS
2016-05-14,DÉFIMEMPHRÉ
2016-05-15,COURSEMECMONTRÉAL#2
2016-05-15,DUATHLONSOREL-TRACY
2016-05-21,OKADUATHLON
2016-05-22,COURSESTHEMATIQUESMARATHONSSQDELONGUEUIL
2016-05-22,IRONMAN70.3CHATTANOOGA
2016-05-22,SCOTIABANKBLUENOSEMARATHON
2016-05-22,TOURDELAPOINTE
2016-05-22,VERTLERAID-LESENTIERURBAIN
2016-05-28,TAMARACKOTTAWARACEWEEKEND
2016-05-29,SASKATCHEWANMARATHON
2016-05-29,TORONTOWOMEN'SHALFMARATHON&5K
2016-05-29,TAMARACKOTTAWARACEWEEKEND
2016-06-04,COURSEFONDATIONJEUNESSEDEL'ECOLESECONDAIRED'OKA
2016-06-04,DÉFITRI-O-LACS
2016-06-04,FOOTSTOCK
2016-06-04,MUDHEROOTTAWA
2016-06-04,SOUTHCOASTMARATHON
2016-06-05,BARRIEWATERFRONTHALFMARATHON
2016-06-05,COURSED’ÉTÉDESÎLESDEBOUCHERVILLE
2016-06-05,DEMI-MARATHONDESVIGNOBLES
2016-06-05,DESCENTEROYALE
2016-06-05,GRANDPRIXCYCLISTEGATINEAU
2016-06-05,LEXISNEXISIRONMAN70.3RALEIGH
2016-06-05,MILTONSUBARUTRIATHLON
2016-06-05,TRIATHLONCHALLENGEANTOINE-MANSEAUJOLIETTE
2016-06-11,BARRHAVENRUNFORROGER'SHOUSE
2016-06-11,DEMI-MARATHONDESGÉNÉRATIONS
2016-06-11,TRIATHLONDEQUÉBEC
2016-06-11,VERTLERAID-TRAILLACLINIQUEDUCOUREUR
2016-06-12,DEMI-MARATHONDESPOMPIERSDESHAWINIGAN
2016-06-12,DÉFIPIERREBRISE-BOIS
2016-06-12,DÉFITRIATHLONOPTIMISTEDELACHINE
2016-06-12,EDGETOEDGEMARATHON
2016-06-12,IRONMAN70.3EAGLEMAN
2016-06-12,LAGRANDEVIRÉEDESSENTIERS
2016-06-12,SUBARUIRONMAN70.3VICTORIA
2016-06-12,TRIATHLONACADEMIESAINTE-THERESE
2016-06-12,ÀVOTRERYTHME!
2016-06-18,COURSESTHEMATIQUESTOURDULACBROMEMERRELL
2016-06-18,GUELPHLAKEISUBARUTRIATHLON
2016-06-18,TOURDUCAPTOURMENTESIMARD
2016-06-18,TRIATHLONFBLDRUMMONDVILLE
2016-06-19,COURSESTHEMATIQUESTOURDULACBROMEMERRELL
2016-06-19,IRONMAN70.3SYRACUSE
2016-06-19,MECOTTAWARACE2-DAD'SDAYDASH
2016-06-19,MANITOBAMARATHON
2016-06-25,5I50MONT-TREMBLANT
2016-06-25,MUDHEROMONTREAL
2016-06-25,TORONTOWATERFRONT10
2016-06-25,TOUGHMANTUPPERLAKETINMAN
2016-06-26,"MULTISPORTCANADATRIATHLONSERIESWELLANDTRI,DU&GIVE-IT-A-TRI"
2016-06-27,IRONMAN70.3MONT-TREMBLANT
2016-06-29,DÉFIADN
2016-07-01,SCOTIABANKCANADADAYROADRACES
2016-07-03,DEMI-MARATHONDESHERBROOKE
2016-07-03,LETRIATHLONDEVICTORIAVILLE
2016-07-08,LE5ET10KMDUP'TITTRAINDUNORD
2016-07-09,COURSED'UNSOIRD'ETEDELONGUEUIL
2016-07-10,COURSEMECLONGUEUIL#3
2016-07-10,HINTONBURGCENTENNIAL5K
2016-07-10,IRONMAN70.3MUSKOKA
2016-07-10,LAGRANDECOURSE
2016-07-10,MECOTTAWARACE3-HEGGTVEIT’SREVENGETRAIL
2016-07-13,5KAND15KFARMRUN
2016-07-15,DEMI-MARATHONDELABANDEDUCANAL
2016-07-16,NORTHFACEENDURANCECHALLENGE
2016-07-16,TRIATHLONLAC-BEAUPORT
2016-07-16,VERTLERAID-QUÉBECMÉGATRAIL
2016-07-17,FRIENDLYMASSEYMARATHON
2016-07-17,LINDSAYMILKRUN
2016-07-17,MECOTTAWATRIATHLONSPRINT
2016-07-17,NORTHFACEENDURANCECHALLENGE
2016-07-23,2016CANADIANTRIATHLONCHAMPIONSHIPSANDOTTAWACAMTRIAMERICANCUP
2016-07-24,2016CANADIANTRIATHLONCHAMPIONSHIPSANDOTTAWACAMTRIAMERICANCUP
2016-07-24,COURSEMECMONTRÉAL#3
2016-07-24,IRONMANCANADA
2016-07-24,IRONMANLAKEPLACID
2016-07-30,NATIONALCAPITAL5AND10KMRUN&WYLIERYANKIDSSURFNTURF
2016-07-30,TRIMEMPHRÉMAGOG
2016-07-31,TRIATHLONDECHARLEVOIX
2016-07-31,TRIMEMPHRÉMAGOG
2016-08-06,BRACEBRIDGETRIATHLON
2016-08-06,RAIDVÉLOMAG-VÉLIRIUM
2016-08-07,DÉFIBORÉALSAINTE-ANNE-DE-BELLEVUE
2016-08-07,IRONMANBOULDER
2016-08-07,MECOTTAWARACE4-THEMECGATINEAUPARKTRAILRACES
2016-08-07,TRIATHLONINTERNATIONALDEMONTREAL
2016-08-13,SEAWHEEZEHALFMARATHON
2016-08-13,TRIATHLONDUSAGUENAY
2016-08-14,DEMI-MARATHONDEMONT-TREMBLANT
2016-08-14,GRANFONDOGARNEAUQUÉBECOR
2016-08-14,LAVALSEDESCOUREURS
2016-08-14,TRIATHLONDEVERDUN
2016-08-17,LE5KMENDURANCE
2016-08-19,VERTLERAID-XCDELAVALLEE
2016-08-20,TIMBERMANTRIATHLON
2016-08-20,VERTLERAID-XCDELAVALLEE
2016-08-21,EDMONTONMARATHON
2016-08-21,IRONMAN70.3TIMBERMAN
2016-08-21,VERTLERAID-XCDELAVALLEE
2016-08-24,IRONMANMONT-TREMBLANT
2016-08-27,MARATHONSSQLÉVIS-QUÉBEC
2016-08-27,MUDHEROTORONTONORTH
2016-08-27,OTTAWACRAFTBEERRUN
2016-08-28,CORNWALLTRIATHLON
2016-08-28,MARATHONSSQLÉVIS-QUÉBEC
2016-09-03,CANADIANIRON113TRIATHLONDUATHLONANDRELAYS
2016-09-03,DÉFIPOPULAIREDELAVALLÉEDURICHELIEU
2016-09-03,FESTIVALXTERRAQUÉBEC
2016-09-03,GUELPHLAKEIISUBARUTRIATHLON
2016-09-04,COURSESTHEMATIQUES30KMSURLESRIVESDEBOUCHERVILLE
2016-09-04,FESTIVALXTERRAQUÉBEC
2016-09-10,TRIATHLONESPRITDEMONTREAL
2016-09-10,ULTRA-TRAILHARRICANADUCANADA(UTHC)
2016-09-11,LACOURSEDELAFONDATIONHOTEL-DIEU-DE-SOREL
2016-09-11,SASKATCHEWANCREDITUNIONSQUEENCITYMARATHON
2016-09-11,TRIATHLONESPRITDEMONTREAL
